site_id,lat,lon,altitude_m,ghi_kwh_m2_yr,slope_deg,area_ha,capacity_mw,grid_km,road_km,land_eur_ha,substation,substation_capacity_mw,annual_mwh,lifetime_mwh,capex_eur,capex_eur_per_kw,lcoe_proxy
S000,32.7812,54.623,1768.0,1947.5,6.23,219.5,120.0,58.25,50.66,5264.0,0,50.0,203319.0,4777996.0,84219388.0,701.8,17.63
S001,31.3111,53.1193,1935.0,2059.1,2.54,110.9,69.0,48.66,50.93,3963.0,4,80.0,123608.0,2904783.0,48231565.0,699.0,16.6
S002,31.9524,52.8103,1800.0,2012.6,8.6,141.9,88.0,112.17,126.0,2529.0,6,20.0,154085.0,3620989.0,69007574.0,784.2,19.06
S003,31.4775,53.7905,1194.0,2067.4,1.82,195.2,120.0,35.38,93.48,6586.0,3,30.0,215837.0,5072159.0,83239995.0,693.7,16.41
S004,32.2006,55.2347,1382.0,1955.5,2.01,54.9,34.0,38.69,38.11,8825.0,7,50.0,57844.0,1359327.0,24290264.0,714.4,17.87
S005,33.3695,52.8581,2088.0,1896.6,4.26,30.7,19.0,86.58,226.37,2916.0,6,20.0,31351.0,736744.0,22777540.0,1198.8,30.92
S006,33.1901,56.3211,2026.0,1901.0,3.47,202.7,120.0,74.19,97.59,4328.0,2,30.0,198464.0,4663913.0,86924030.0,724.4,18.64
S007,31.8755,55.2949,1362.0,2048.6,1.78,45.5,28.0,58.32,50.96,4249.0,7,50.0,49904.0,1172742.0,21039626.0,751.4,17.94
S008,32.0799,53.733,1412.0,1988.5,1.55,72.9,45.0,45.8,133.19,5793.0,8,20.0,77850.0,1829470.0,35625007.0,791.7,19.47
S009,31.1805,53.0307,1209.0,2119.8,0.81,136.3,85.0,48.33,37.67,8583.0,4,80.0,156759.0,3683841.0,58756114.0,691.2,15.95
S010,31.632,53.7256,1308.0,2041.9,5.66,84.3,52.0,51.84,103.34,1800.0,3,30.0,92376.0,2170826.0,39261414.0,755.0,18.09
S011,32.4726,56.3234,1148.0,2000.9,3.71,82.3,51.0,123.95,38.56,4719.0,2,30.0,88780.0,2086328.0,38832979.0,761.4,18.61
S012,31.6357,54.2809,1219.0,2050.8,7.37,74.3,46.0,44.17,102.26,4092.0,3,30.0,82073.0,1928716.0,35195354.0,765.1,18.25
S013,31.0075,56.2907,1676.0,2157.6,4.04,53.8,33.0,22.56,84.16,6559.0,5,80.0,61945.0,1455700.0,25121603.0,761.3,17.26
S014,32.3646,54.8706,1220.0,1927.1,2.6,102.1,63.0,17.14,23.64,14986.0,7,50.0,105624.0,2482172.0,42662720.0,677.2,17.19
S015,31.3008,54.9694,1716.0,2119.2,1.31,58.4,36.0,84.53,30.68,7651.0,3,30.0,66373.0,1559774.0,26497363.0,736.0,16.99
S016,32.6666,55.2441,2187.0,2039.4,2.58,52.4,32.0,63.8,24.88,6638.0,7,50.0,56777.0,1334257.0,22944951.0,717.0,17.2
S017,33.1189,54.4137,1343.0,1906.1,5.79,74.8,46.0,40.05,84.03,3758.0,0,50.0,76282.0,1792630.0,34153545.0,742.5,19.05
S018,31.8372,55.9745,1861.0,2048.8,3.02,80.6,50.0,65.03,39.85,6181.0,1,50.0,89123.0,2094386.0,35927009.0,718.5,17.15
S019,33.0976,53.1182,1106.0,1864.0,5.47,66.8,41.0,47.97,192.62,4850.0,6,20.0,66489.0,1562489.0,35693292.0,870.6,22.84
S020,32.165,55.8261,1569.0,2009.1,1.29,44.4,27.0,94.48,26.71,9125.0,7,50.0,47194.0,1109053.0,20307222.0,752.1,18.31
S021,33.1029,55.5285,2007.0,1946.3,1.56,206.8,120.0,31.26,24.7,10990.0,2,30.0,203194.0,4775052.0,80907508.0,674.2,16.94
S022,32.9565,55.8802,1357.0,1910.7,6.12,20.0,12.0,56.16,54.08,4228.0,2,30.0,19948.0,468771.0,10428066.0,869.0,22.25
S023,31.6555,53.2653,1631.0,2094.6,2.2,137.9,86.0,73.98,90.11,3700.0,4,80.0,156718.0,3682872.0,62851768.0,730.8,17.07
S024,33.3233,55.8107,1331.0,1849.4,5.9,64.5,40.0,24.48,60.3,3856.0,2,30.0,64359.0,1512439.0,28687288.0,717.2,18.97
S025,32.6884,53.6303,1049.0,1927.7,2.44,123.3,77.0,18.14,135.07,6265.0,6,20.0,129137.0,3034711.0,55547329.0,721.4,18.3
S026,31.1093,53.7397,1919.0,2105.7,3.6,193.4,120.0,24.5,64.52,6502.0,4,80.0,219835.0,5166124.0,81286927.0,677.4,15.73
S027,31.8645,54.4451,1954.0,2036.1,2.92,107.7,67.0,52.9,91.84,2973.0,7,50.0,118684.0,2789080.0,48765704.0,727.8,17.48
S028,31.8511,53.9045,1386.0,2005.8,3.55,69.6,43.0,65.94,130.73,1800.0,3,30.0,75037.0,1763369.0,34708910.0,807.2,19.68
S029,30.88,55.0501,1838.0,2144.7,1.25,69.1,43.0,102.39,20.45,7604.0,3,30.0,80233.0,1885481.0,31556434.0,733.9,16.74
S030,30.6161,54.1527,1760.0,2192.6,3.9,75.9,47.0,73.84,101.01,5001.0,3,30.0,89655.0,2106902.0,36734755.0,781.6,17.44
S031,33.0631,54.7485,1402.0,1915.8,3.89,131.0,81.0,25.03,52.25,7114.0,0,50.0,135006.0,3172651.0,55384710.0,683.8,17.46
S032,31.9722,56.3217,1438.0,2022.1,0.77,48.3,30.0,81.56,30.28,9476.0,1,50.0,52777.0,1240255.0,22271450.0,742.4,17.96
S033,32.7329,54.9785,1125.0,1960.8,2.69,50.8,31.0,59.32,26.0,6740.0,7,50.0,52883.0,1242745.0,22209665.0,716.4,17.87
S034,33.0382,56.3817,1805.0,1962.0,1.22,124.0,77.0,85.77,99.13,3811.0,2,30.0,131434.0,3088708.0,57663583.0,748.9,18.67
S035,31.1587,55.4293,1286.0,2068.7,7.18,43.9,27.0,65.12,31.97,6855.0,1,50.0,48594.0,1141953.0,20036199.0,742.1,17.55
S036,31.8224,55.5038,1407.0,2013.2,4.23,147.8,92.0,77.6,33.8,7151.0,7,50.0,161137.0,3786708.0,65649376.0,713.6,17.34
S037,30.7259,55.9917,2029.0,2219.4,3.24,71.2,44.0,33.34,91.23,3889.0,5,80.0,84959.0,1996528.0,32739498.0,744.1,16.4
S038,32.1222,53.4695,1251.0,1969.8,4.29,114.4,71.0,53.85,144.68,4459.0,8,20.0,121675.0,2859352.0,54030538.0,761.0,18.9
S039,32.7081,53.5739,1437.0,1922.4,1.74,169.4,105.0,12.73,140.61,6960.0,6,20.0,175611.0,4126864.0,73492146.0,699.9,17.81
S040,31.2455,56.2853,1090.0,2064.7,1.61,108.6,67.0,17.42,66.75,8521.0,1,50.0,120351.0,2828257.0,46335661.0,691.6,16.38
S041,33.1647,55.7957,1503.0,1880.8,5.57,102.8,64.0,32.89,50.06,8489.0,2,30.0,104723.0,2460989.0,44813954.0,700.2,18.21
S042,31.6358,56.1175,1348.0,2079.6,5.96,50.9,31.0,41.5,41.57,9919.0,1,50.0,56087.0,1318040.0,22742189.0,733.6,17.25
S043,31.1118,55.138,1386.0,2091.7,2.47,108.3,67.0,93.33,6.65,11242.0,1,50.0,121925.0,2865242.0,48154195.0,718.7,16.81
S044,32.4281,53.5673,1510.0,2010.2,2.71,59.5,37.0,27.86,139.97,6172.0,8,20.0,64708.0,1520646.0,30135405.0,814.5,19.82
S045,32.704,56.0474,1588.0,1922.3,0.7,38.8,24.0,88.26,58.91,2323.0,2,30.0,40138.0,943234.0,19120940.0,796.7,20.27
S046,32.3455,55.9219,1056.0,2010.7,0.45,39.3,24.0,104.23,25.75,6931.0,7,50.0,41983.0,986610.0,18200734.0,758.4,18.45
S047,31.7136,55.0117,1764.0,1995.9,2.73,175.4,109.0,58.57,66.16,2023.0,7,50.0,189271.0,4447873.0,76124652.0,698.4,17.11
S048,32.3687,54.9977,1574.0,1990.0,2.1,150.1,93.0,23.59,16.48,12947.0,7,50.0,161011.0,3783756.0,62289908.0,669.8,16.46
S049,33.0157,54.5688,1197.0,1875.7,3.08,20.0,12.0,36.62,68.41,4938.0,0,50.0,19582.0,460184.0,10808335.0,900.7,23.49
S050,31.2355,55.4159,1686.0,1991.5,3.73,49.3,30.0,65.39,34.89,6130.0,1,50.0,51978.0,1221487.0,22059970.0,735.3,18.06
S051,33.0377,53.4205,1591.0,1946.9,10.09,97.6,60.0,28.15,163.86,4015.0,6,20.0,101628.0,2388262.0,46669234.0,777.8,19.54
S052,30.7811,53.0499,1355.0,2158.5,5.04,119.0,74.0,50.9,11.25,10184.0,4,80.0,138964.0,3265659.0,51043136.0,689.8,15.63
S053,32.0777,55.4284,1844.0,1979.5,4.73,220.4,120.0,58.95,59.31,2329.0,7,50.0,206660.0,4856505.0,83745072.0,697.9,17.24
S054,30.625,55.4589,1592.0,2136.0,1.86,54.2,33.0,85.47,57.96,3494.0,5,80.0,61325.0,1441127.0,25372694.0,768.9,17.61
S055,31.316,54.5654,1715.0,2126.8,3.16,25.2,15.0,46.3,59.87,4045.0,3,30.0,27755.0,652236.0,12526914.0,835.1,19.21
S056,31.6716,55.8437,1375.0,2066.3,3.03,132.9,83.0,51.69,19.2,7793.0,1,50.0,149208.0,3506377.0,57013161.0,686.9,16.26
S057,32.3318,55.7057,1244.0,1984.5,3.05,94.0,58.0,83.91,41.7,5262.0,7,50.0,100138.0,2353240.0,42258621.0,728.6,17.96
S058,32.62,53.9653,2007.0,1959.9,3.13,164.8,102.0,18.72,102.98,6482.0,8,20.0,173922.0,4087156.0,70585684.0,692.0,17.27
S059,31.1263,53.0764,1041.0,2120.6,2.88,205.5,120.0,42.29,30.84,10708.0,4,80.0,221391.0,5202680.0,82355238.0,686.3,15.83
S060,30.7397,54.0941,1817.0,2179.7,4.17,110.0,68.0,59.79,92.71,2838.0,3,30.0,128951.0,3030350.0,49948424.0,734.5,16.48
S061,32.9921,55.2904,1361.0,1922.2,8.77,74.6,46.0,50.04,1.16,8793.0,2,30.0,76926.0,1807771.0,31605072.0,687.1,17.48
S062,32.4259,52.9645,1421.0,2050.4,3.42,139.9,87.0,62.78,175.6,2041.0,6,20.0,155195.0,3647077.0,66292420.0,762.0,18.18
S063,33.1017,54.5959,1199.0,1893.0,3.88,59.1,36.0,27.56,66.99,4489.0,0,50.0,59289.0,1393286.0,26375301.0,732.6,18.93
S064,31.225,56.3468,1337.0,2103.0,3.69,32.7,20.0,23.54,72.93,5454.0,1,50.0,36592.0,859917.0,16115640.0,805.8,18.74
S065,32.3075,54.5352,1628.0,1995.3,3.83,71.7,44.0,29.0,53.77,3161.0,7,50.0,76380.0,1794932.0,31004618.0,704.7,17.27
S066,33.2957,54.4922,1198.0,1945.1,4.3,98.3,61.0,28.25,82.78,4626.0,0,50.0,103226.0,2425822.0,43475966.0,712.7,17.92
S067,32.3818,53.163,1274.0,1959.6,5.27,153.7,96.0,54.04,170.0,4666.0,6,20.0,163666.0,3846146.0,72157263.0,751.6,18.76
S068,33.3022,54.8124,1030.0,1880.9,1.29,27.7,17.0,2.49,57.43,9570.0,0,50.0,27819.0,653735.0,13281965.0,781.3,20.32
S069,31.3099,53.5929,1544.0,2050.4,7.91,57.3,35.0,33.11,67.09,3373.0,4,80.0,62435.0,1467215.0,26016388.0,743.3,17.73
S070,32.7766,54.4454,1338.0,1922.1,2.12,97.2,60.0,64.23,64.5,3788.0,8,20.0,100334.0,2357840.0,43467598.0,724.5,18.44
S071,31.9092,54.8461,1936.0,2039.9,9.26,113.7,71.0,34.13,69.49,5482.0,7,50.0,126005.0,2961109.0,50405320.0,709.9,17.02
S072,31.2654,54.4175,1678.0,2117.4,1.94,168.5,105.0,32.08,70.46,6159.0,3,30.0,193424.0,4545476.0,72019828.0,685.9,15.84
S073,31.0169,55.7067,1911.0,2198.5,0.4,40.4,25.0,46.58,56.45,7966.0,1,50.0,47817.0,1123708.0,19115536.0,764.6,17.01
S074,31.2166,53.872,1176.0,2117.0,5.49,187.6,117.0,20.91,81.23,3554.0,3,30.0,215489.0,5064002.0,79458016.0,679.1,15.69
S075,32.6623,55.6441,1165.0,1942.4,4.44,156.4,97.0,80.55,48.31,4857.0,2,30.0,163919.0,3852100.0,69647554.0,718.0,18.08
S076,31.8197,54.7379,1422.0,2019.4,3.11,156.5,97.0,44.76,82.23,6848.0,7,50.0,170417.0,4004803.0,68489335.0,706.1,17.1
S077,32.5849,55.073,1484.0,1978.4,2.72,43.0,26.0,47.26,8.65,11413.0,7,50.0,44751.0,1051658.0,18035036.0,693.7,17.15
S078,33.2983,55.2175,1808.0,1866.4,2.3,42.7,26.0,32.91,35.4,10550.0,2,30.0,42218.0,992122.0,18811410.0,723.5,18.96
S079,30.9822,54.4536,1317.0,2118.0,1.34,48.0,29.0,48.37,63.64,2016.0,3,30.0,53437.0,1255773.0,21900124.0,755.2,17.44
S080,32.921,54.3865,1480.0,1963.5,3.8,56.5,35.0,55.58,77.66,3111.0,0,50.0,59789.0,1405032.0,26847676.0,767.1,19.11
S081,31.1845,52.9094,1283.0,2086.8,1.06,112.0,69.0,59.37,42.54,5693.0,4,80.0,125271.0,2943859.0,48505642.0,703.0,16.48
S082,30.6866,53.472,1701.0,2136.7,4.26,98.0,61.0,37.43,37.35,6763.0,4,80.0,113395.0,2664775.0,42209190.0,692.0,15.84
S083,32.6549,55.7811,1205.0,1982.9,2.63,104.3,65.0,83.61,58.11,3439.0,2,30.0,112133.0,2635125.0,47586212.0,732.1,18.06
S084,31.4921,55.3392,1316.0,2102.2,8.42,71.3,44.0,76.87,33.89,8502.0,1,50.0,80472.0,1891097.0,32484947.0,738.3,17.18
S085,32.3363,53.9361,1450.0,1991.9,2.04,70.0,43.0,17.35,106.86,7464.0,8,20.0,74517.0,1751149.0,32379713.0,753.0,18.49
S086,31.9865,53.537,1957.0,1989.5,3.99,112.2,70.0,62.44,131.74,3017.0,8,20.0,121161.0,2847273.0,53085796.0,758.4,18.64
S087,30.6489,54.8546,1384.0,2161.8,1.89,72.7,45.0,101.66,51.6,3979.0,3,30.0,84634.0,1988910.0,34048062.0,756.6,17.12
S088,31.6587,54.7452,1384.0,2038.5,1.55,165.9,103.0,62.36,75.8,1800.0,7,50.0,182670.0,4292745.0,72583715.0,704.7,16.91
S089,31.5888,55.4367,1744.0,2058.3,7.1,90.7,56.0,72.88,23.93,6001.0,1,50.0,100280.0,2356589.0,40029269.0,714.8,16.99
S090,32.793,54.5711,1082.0,1968.4,2.41,104.4,65.0,58.54,55.36,3747.0,0,50.0,111313.0,2615856.0,46211427.0,710.9,17.67
S091,32.1075,55.5696,1826.0,2045.9,1.37,98.3,61.0,71.22,51.41,3475.0,7,50.0,108576.0,2551534.0,43830637.0,718.5,17.18
S092,31.6321,52.8842,1401.0,2034.3,4.9,63.5,39.0,89.78,89.77,2082.0,4,80.0,69024.0,1622059.0,31090750.0,797.2,19.17
S093,31.5328,54.6076,1294.0,2046.0,5.0,56.2,35.0,57.56,71.79,2123.0,3,30.0,62301.0,1464066.0,26659631.0,761.7,18.21
S094,31.3255,54.2385,1664.0,2078.6,1.6,46.0,28.0,15.97,88.72,7020.0,3,30.0,50635.0,1189915.0,21822905.0,779.4,18.34
S095,30.906,53.2542,1274.0,2149.5,1.5,75.1,46.0,27.05,13.02,10853.0,4,80.0,86023.0,2021540.0,30952504.0,672.9,15.31
S096,32.1856,53.9479,1654.0,2017.0,2.24,70.3,43.0,33.57,110.13,5241.0,8,20.0,75456.0,1773215.0,32919504.0,765.6,18.56
S097,33.0199,54.3174,1211.0,1896.8,4.06,104.1,65.0,53.39,89.49,1800.0,0,50.0,107264.0,2520705.0,47335488.0,728.2,18.78
S098,30.9946,53.4376,1938.0,2153.2,2.48,86.7,54.0,6.98,33.08,11947.0,4,80.0,101157.0,2377197.0,36393346.0,674.0,15.31
S099,33.204,54.0024,1255.0,1870.8,3.0,85.1,53.0,67.26,123.4,3448.0,6,20.0,86263.0,2027171.0,41347303.0,780.1,20.4
S100,32.5139,56.236,1439.0,1953.1,1.52,110.3,68.0,115.55,39.33,5745.0,2,30.0,115545.0,2715317.0,50724178.0,745.9,18.68
S101,32.4831,53.8899,936.0,1938.7,6.65,119.1,74.0,3.01,109.43,12163.0,8,20.0,124814.0,2933117.0,52811956.0,713.7,18.01
S102,32.471,55.0515,1355.0,1934.5,0.47,66.8,41.0,35.55,4.18,12599.0,7,50.0,69004.0,1621585.0,27602004.0,673.2,17.02
S103,32.8755,55.3939,1093.0,1913.0,1.16,62.7,39.0,58.43,15.16,7839.0,2,30.0,64908.0,1525340.0,27151264.0,696.2,17.8
S104,31.6107,53.4321,940.0,2013.6,3.71,91.3,57.0,65.8,88.92,4280.0,4,80.0,99854.0,2346579.0,42697504.0,749.1,18.2
S105,31.7134,54.171,1118.0,2020.5,5.56,69.4,43.0,49.26,115.78,3280.0,3,30.0,75587.0,1776292.0,33749238.0,784.9,19.0
S106,32.0344,55.9001,1685.0,2019.1,1.37,87.8,54.0,87.93,25.29,7754.0,1,50.0,94857.0,2229147.0,39033864.0,722.8,17.51
S107,32.8439,52.849,1041.0,1920.1,0.2,61.4,38.0,59.06,209.93,2227.0,6,20.0,63479.0,1491745.0,34275356.0,902.0,22.98
S108,31.9017,54.5182,1414.0,2055.0,2.86,65.3,40.0,45.26,84.35,5646.0,7,50.0,71514.0,1680579.0,30289376.0,757.2,18.02
S109,31.5249,52.8949,1553.0,2073.0,1.27,49.5,30.0,80.44,78.04,5512.0,4,80.0,54105.0,1271475.0,24088065.0,802.9,18.94
S110,32.6295,55.0243,991.0,1905.7,4.6,137.6,86.0,49.72,13.79,7752.0,7,50.0,142584.0,3350735.0,58874693.0,684.6,17.57
S111,33.0509,55.6367,1452.0,1911.2,8.62,116.6,72.0,37.66,32.01,9271.0,2,30.0,119718.0,2813363.0,50080332.0,695.6,17.8
S112,32.1507,55.9404,1673.0,1993.2,5.4,91.0,56.0,99.92,16.18,10562.0,1,50.0,97109.0,2282055.0,41163688.0,735.1,18.04
S113,30.9803,56.1676,1221.0,2150.8,1.52,113.5,70.0,24.58,79.13,8070.0,5,80.0,130984.0,3078117.0,49135753.0,701.9,15.96
S114,31.0831,54.475,1086.0,2087.8,1.93,197.0,120.0,43.32,61.12,4691.0,3,30.0,217966.0,5122209.0,82281739.0,685.7,16.06
S115,33.3756,53.105,1372.0,1878.8,0.02,110.5,69.0,73.88,206.04,4018.0,6,20.0,112784.0,2650433.0,55855892.0,809.5,21.07
S116,31.9778,54.7997,1485.0,1991.6,2.73,87.7,54.0,26.54,63.74,5701.0,7,50.0,93565.0,2198786.0,37988682.0,703.5,17.28
S117,30.7878,55.2115,1788.0,2180.5,0.76,68.6,42.0,100.04,31.08,6722.0,1,50.0,79675.0,1872374.0,31130084.0,741.2,16.63
S118,32.4664,55.7606,1608.0,2013.7,3.03,119.0,74.0,92.32,45.96,2420.0,7,50.0,129642.0,3046587.0,53752129.0,726.4,17.64
S119,31.6814,55.4056,1831.0,2066.4,0.36,82.9,51.0,80.87,29.82,5917.0,7,50.0,91686.0,2154625.0,36606590.0,717.8,16.99
S120,32.5653,56.2506,1304.0,1953.0,2.26,71.6,44.0,111.59,45.2,3675.0,2,30.0,74761.0,1756880.0,33415487.0,759.4,19.02
S121,31.8312,55.2725,1590.0,2035.0,3.09,84.1,52.0,60.13,49.39,3198.0,7,50.0,92063.0,2163490.0,37255191.0,716.4,17.22
S122,32.8068,53.7606,1213.0,1981.6,0.46,143.3,89.0,26.52,125.75,8446.0,6,20.0,153435.0,3605729.0,63572193.0,714.3,17.63
S123,31.8612,55.0834,1246.0,2050.6,3.24,98.7,61.0,46.38,66.14,2114.0,7,50.0,108825.0,2557396.0,43299870.0,709.8,16.93
S124,33.1844,53.5055,1296.0,1872.0,6.29,56.9,35.0,44.03,163.21,7433.0,6,20.0,57002.0,1339556.0,30498994.0,871.4,22.77
S125,32.9445,54.4129,1458.0,1907.8,10.05,165.0,103.0,51.98,77.29,4242.0,0,50.0,170958.0,4017512.0,73483151.0,713.4,18.29
S126,31.9886,53.6503,1181.0,2020.7,3.1,49.9,31.0,57.82,135.47,1800.0,8,20.0,54498.0,1280710.0,26536993.0,856.0,20.72
S127,30.9955,53.9761,2075.0,2110.6,5.52,112.7,70.0,32.86,82.02,8914.0,3,30.0,128536.0,3020585.0,50203884.0,717.2,16.62
S128,32.9764,53.5829,1622.0,1907.1,0.65,73.2,45.0,23.03,147.3,7612.0,6,20.0,74663.0,1754580.0,35494564.0,788.8,20.23
S129,31.5488,53.0871,1080.0,2006.1,7.75,72.7,45.0,70.68,77.47,1975.0,4,80.0,78539.0,1845662.0,34283878.0,761.9,18.58
S130,30.9914,56.3743,1529.0,2104.1,3.5,90.2,56.0,20.97,91.01,6041.0,5,80.0,102512.0,2409026.0,40287488.0,719.4,16.72
S131,30.6185,56.2177,1305.0,2165.8,3.37,41.4,25.0,23.45,115.85,7616.0,5,80.0,47106.0,1106995.0,21260440.0,850.4,19.21
S132,33.0311,54.6562,1327.0,1949.9,2.97,109.6,68.0,31.05,60.39,7261.0,0,50.0,115356.0,2710868.0,47431920.0,697.5,17.5
S133,31.0246,55.8511,1572.0,2087.7,1.97,155.0,96.0,35.73,61.71,5690.0,1,50.0,174365.0,4097571.0,65943456.0,686.9,16.09
S134,32.9498,56.0579,2202.0,1898.9,0.75,143.0,89.0,67.04,70.67,2970.0,2,30.0,147032.0,3455248.0,63323554.0,711.5,18.33
S135,31.9051,55.0049,1098.0,2011.1,3.83,67.3,42.0,38.51,67.26,7371.0,7,50.0,73486.0,1726911.0,30855823.0,734.7,17.87
S136,31.9437,52.9782,1741.0,2015.3,2.38,137.2,85.0,101.91,122.14,1875.0,8,20.0,149031.0,3502239.0,65137098.0,766.3,18.6
S137,32.0659,56.0935,1551.0,2031.8,1.1,97.9,61.0,89.31,12.41,11397.0,1,50.0,107828.0,2533949.0,43803651.0,718.1,17.29
S138,30.8715,54.122,1116.0,2069.8,0.43,214.9,120.0,45.29,94.48,6887.0,3,30.0,216087.0,5078047.0,84162140.0,701.4,16.57
S139,31.9731,53.528,1666.0,1994.5,5.87,102.2,63.0,64.16,130.06,2568.0,8,20.0,109319.0,2568986.0,48474016.0,769.4,18.87
S140,33.1074,54.2948,1703.0,1892.3,2.44,52.4,32.0,50.62,94.79,2819.0,0,50.0,52682.0,1238018.0,25345587.0,792.0,20.47
S141,31.0142,54.2335,1406.0,2150.5,6.87,172.7,107.0,32.68,84.21,4016.0,3,30.0,200190.0,4704466.0,74363736.0,695.0,15.81
S142,31.0586,53.3405,1312.0,2153.2,1.86,43.7,27.0,16.05,30.25,12301.0,4,80.0,50579.0,1188599.0,18958886.0,702.2,15.95
S143,31.9212,53.5253,964.0,1971.3,1.29,62.4,38.0,69.38,124.48,5605.0,8,20.0,65171.0,1531523.0,31265414.0,822.8,20.41
S144,32.9074,53.3481,1110.0,1911.7,3.76,95.9,59.0,17.88,165.86,6862.0,6,20.0,98128.0,2305998.0,45348691.0,768.6,19.67
S145,32.7286,55.8305,1589.0,1914.1,1.57,35.9,22.0,77.09,57.18,3808.0,2,30.0,36636.0,860943.0,17551215.0,797.8,20.39
S146,32.7812,55.923,1372.0,1962.2,1.22,147.1,91.0,75.1,62.4,2711.0,2,30.0,155347.0,3650663.0,64931165.0,713.5,17.79
S147,32.022,52.9106,1770.0,2018.6,8.26,34.7,21.0,100.54,131.67,1889.0,6,20.0,36880.0,866676.0,20514050.0,976.9,23.67
S148,31.6131,55.6802,1191.0,2056.1,1.5,178.1,111.0,55.92,5.76,12164.0,1,50.0,198558.0,4666103.0,76311307.0,687.5,16.35
S149,30.9612,55.6793,1532.0,2126.8,0.98,132.0,82.0,52.46,54.7,5015.0,1,50.0,151726.0,3565559.0,57271244.0,698.4,16.06
S150,32.2403,56.2296,1408.0,1984.8,2.55,92.1,57.0,109.36,13.33,8995.0,1,50.0,98426.0,2313016.0,41801203.0,733.4,18.07
S151,32.9217,53.4924,1436.0,1914.4,1.03,80.6,50.0,14.8,153.35,9444.0,6,20.0,83276.0,1956995.0,38853761.0,777.1,19.85
S152,32.8673,55.6577,1357.0,1886.2,1.31,84.0,52.0,58.1,35.82,7941.0,2,30.0,85332.0,2005295.0,36866794.0,709.0,18.38
S153,31.6068,53.3272,1985.0,2102.0,6.06,75.7,47.0,67.14,85.82,3076.0,4,80.0,85951.0,2019843.0,35851635.0,762.8,17.75
S154,31.3768,53.2806,1445.0,2080.6,8.18,69.2,43.0,44.77,59.91,6021.0,4,80.0,77835.0,1829128.0,31604482.0,735.0,17.28
S155,33.3698,56.167,1476.0,1837.4,2.23,44.9,28.0,56.67,91.05,2292.0,2,30.0,44759.0,1051838.0,22615222.0,807.7,21.5
S156,32.2641,55.1763,1399.0,1984.0,1.5,94.7,59.0,33.59,29.41,7631.0,7,50.0,101839.0,2393210.0,40212012.0,681.6,16.8
S157,33.0412,53.0196,1538.0,1949.5,4.13,112.4,70.0,51.12,199.41,6858.0,6,20.0,118725.0,2790027.0,55756406.0,796.5,19.98
S158,32.3932,54.4399,1544.0,2040.7,2.77,147.1,91.0,41.13,59.24,4008.0,7,50.0,161562.0,3796712.0,62782566.0,689.9,16.54
S159,31.8454,56.0166,1486.0,2076.1,0.75,124.1,77.0,65.31,37.87,5326.0,1,50.0,139078.0,3268332.0,53997753.0,701.3,16.52
S160,33.2609,53.9489,1203.0,1887.4,8.62,34.1,21.0,68.42,129.59,3484.0,6,20.0,34483.0,810346.0,19964783.0,950.7,24.64
S161,32.6226,54.6755,1124.0,1950.5,4.09,83.3,52.0,47.35,37.87,7910.0,7,50.0,88241.0,2073655.0,36718345.0,706.1,17.71
S162,32.0873,53.5912,1630.0,2038.9,1.67,64.3,40.0,50.17,143.96,5051.0,8,20.0,70954.0,1667412.0,32833263.0,820.8,19.69
S163,31.6765,55.5356,1756.0,2016.7,0.41,178.2,111.0,70.81,19.23,7174.0,1,50.0,194753.0,4576689.0,77102786.0,694.6,16.85
S164,31.2052,55.0466,1352.0,2118.8,7.9,68.2,42.0,92.22,17.95,9756.0,3,30.0,77421.0,1819392.0,30961496.0,737.2,17.02
S165,31.4895,53.2145,1461.0,2062.2,7.92,96.9,60.0,58.78,71.19,1800.0,4,80.0,107647.0,2529701.0,43804344.0,730.1,17.32
S166,31.9882,54.9818,1464.0,2014.1,12.19,31.5,19.0,29.34,58.27,7594.0,7,50.0,33293.0,782387.0,15237204.0,802.0,19.48
S167,30.7022,55.9331,1383.0,2146.0,1.92,136.2,85.0,39.46,87.3,7377.0,5,80.0,158697.0,3729372.0,60224185.0,708.5,16.15
S168,31.9899,54.499,1037.0,1979.2,2.28,124.3,77.0,39.57,77.91,4939.0,7,50.0,132587.0,3115785.0,54257274.0,704.6,17.41
S169,31.233,54.123,2036.0,2140.2,3.64,75.4,47.0,6.38,96.55,8426.0,3,30.0,87513.0,2056550.0,34312377.0,730.1,16.68
S170,33.191,55.2482,1631.0,1926.9,3.23,54.4,33.0,35.77,23.13,9988.0,2,30.0,55321.0,1300051.0,23050082.0,698.5,17.73
S171,31.0752,53.2672,1230.0,2136.8,2.06,70.3,43.0,23.26,27.84,12946.0,4,80.0,79938.0,1878536.0,29647965.0,689.5,15.78
S172,32.4579,56.2127,1849.0,1926.7,6.83,128.5,80.0,119.69,32.74,5953.0,2,30.0,134098.0,3151311.0,60000976.0,750.0,19.04
S173,31.2654,54.0937,969.0,2056.0,4.38,94.6,59.0,1.84,100.04,9471.0,3,30.0,105534.0,2480060.0,42137022.0,714.2,16.99
S174,32.4015,55.3064,1065.0,1978.8,12.19,53.8,33.0,49.84,26.31,7452.0,7,50.0,56811.0,1335067.0,23832111.0,722.2,17.85
S175,31.1291,53.667,1556.0,2105.3,2.35,106.7,66.0,19.6,59.48,6037.0,4,80.0,120886.0,2840829.0,45296211.0,686.3,15.94
S176,31.9933,54.3258,1614.0,2089.6,1.61,113.1,70.0,53.02,89.43,5141.0,7,50.0,127257.0,2990531.0,50795814.0,725.7,16.99
S177,32.0826,53.6731,1712.0,2024.1,3.21,119.7,74.0,47.28,138.36,5081.0,8,20.0,130312.0,3062322.0,55372750.0,748.3,18.08
S178,31.8313,55.515,1481.0,2048.2,3.49,43.7,27.0,77.92,34.14,5675.0,7,50.0,48112.0,1130637.0,20199506.0,748.1,17.87
S179,33.1316,54.2697,1228.0,1918.6,4.66,86.9,54.0,51.82,97.49,3901.0,0,50.0,90136.0,2118192.0,40461113.0,749.3,19.1
S180,32.4266,53.8898,1621.0,1983.4,0.85,164.4,102.0,6.42,109.81,7783.0,8,20.0,176007.0,4136163.0,69768035.0,684.0,16.87
S181,32.5844,56.0753,1495.0,2015.3,2.35,81.3,50.0,101.1,45.45,5268.0,2,30.0,87666.0,2060140.0,37450463.0,749.0,18.18
S182,31.4793,54.9625,1192.0,2065.4,2.07,40.6,25.0,82.92,49.37,5179.0,7,50.0,44922.0,1055678.0,19475785.0,779.0,18.45
S183,33.079,53.8639,1713.0,1894.3,2.86,30.6,19.0,48.36,128.24,5131.0,6,20.0,31313.0,735850.0,18118577.0,953.6,24.62
S184,31.7227,53.4811,926.0,2007.8,6.19,76.3,47.0,75.36,102.21,1800.0,3,30.0,82099.0,1929325.0,36754706.0,782.0,19.05
S185,32.7477,54.643,1431.0,1920.7,4.54,176.5,110.0,61.38,46.96,4050.0,0,50.0,183811.0,4319558.0,76877679.0,698.9,17.8
S186,31.7586,52.9382,1767.0,2057.7,0.61,55.6,34.0,97.9,102.36,2770.0,4,80.0,60867.0,1430369.0,28159513.0,828.2,19.69
S187,30.7345,55.0893,1237.0,2100.4,1.99,107.0,66.0,113.09,35.74,6974.0,1,50.0,120605.0,2834217.0,49179614.0,745.1,17.35
S188,31.2096,54.5536,1625.0,2115.3,0.63,106.4,66.0,45.63,56.22,3058.0,3,30.0,121461.0,2854322.0,46015935.0,697.2,16.12
S189,31.2155,54.5282,1382.0,2080.2,5.04,137.8,86.0,43.14,58.72,6832.0,3,30.0,155641.0,3657553.0,60250009.0,700.6,16.47
S190,31.2787,54.0389,976.0,2061.5,2.16,45.9,28.0,3.92,98.45,9307.0,3,30.0,50218.0,1180126.0,22095400.0,789.1,18.72
S191,31.1793,54.7974,1186.0,2105.0,6.97,84.1,52.0,69.06,33.32,9463.0,3,30.0,95230.0,2237910.0,37761890.0,726.2,16.87
S192,33.2533,54.7848,1900.0,1922.5,0.78,98.7,61.0,3.63,56.47,10015.0,0,50.0,102027.0,2397636.0,41421927.0,679.0,17.28
S193,32.1477,55.1545,1436.0,2015.6,5.65,115.3,72.0,32.02,41.15,8007.0,7,50.0,126257.0,2967044.0,49679610.0,690.0,16.74
S194,32.9604,53.9415,1062.0,1860.4,2.94,120.4,75.0,47.32,115.75,5100.0,6,20.0,121391.0,2852691.0,55063485.0,734.2,19.3
S195,32.6904,55.1982,1472.0,1941.2,6.31,56.5,35.0,63.41,24.21,9059.0,7,50.0,59110.0,1389074.0,25279979.0,722.3,18.2
S196,32.269,53.1262,1156.0,2002.5,2.09,265.4,120.0,66.57,157.43,1896.0,6,20.0,209061.0,4912934.0,88109870.0,734.2,17.93
S197,30.8242,54.3298,1809.0,2141.7,2.52,104.5,65.0,55.7,79.26,5266.0,3,30.0,121113.0,2846159.0,47240717.0,726.8,16.6
S198,32.5786,54.1155,1572.0,1958.7,3.4,96.1,60.0,26.58,88.53,5694.0,8,20.0,102244.0,2402737.0,43005197.0,716.8,17.9
S199,32.81,54.9486,1926.0,2001.5,1.52,123.1,76.0,54.66,35.02,9274.0,0,50.0,132339.0,3109971.0,53140218.0,699.2,17.09
S200,31.5318,53.155,1185.0,2083.4,3.7,86.8,54.0,65.64,75.49,4143.0,4,80.0,97878.0,2300136.0,40064659.0,741.9,17.42
S201,30.8912,54.663,1535.0,2136.4,1.21,174.3,108.0,70.16,46.87,4696.0,3,30.0,200736.0,4717299.0,75846817.0,702.3,16.08
S202,31.6744,55.3029,1814.0,2057.9,1.18,54.7,34.0,75.26,38.51,3802.0,7,50.0,60873.0,1430508.0,24959459.0,734.1,17.45
S203,32.851,53.2027,954.0,1888.1,2.73,48.2,30.0,26.6,177.61,4740.0,6,20.0,49279.0,1158066.0,27029283.0,901.0,23.34
S204,31.0232,56.0391,1821.0,2159.2,4.67,66.3,41.0,27.32,68.56,7994.0,1,50.0,77019.0,1809939.0,29980847.0,731.2,16.56
S205,33.0434,55.8227,1975.0,1954.2,3.43,168.6,105.0,45.13,48.97,4313.0,2,30.0,178516.0,4195130.0,72102276.0,686.7,17.19
S206,31.117,54.9802,1111.0,2104.5,13.35,143.6,89.0,87.44,14.65,11134.0,3,30.0,162951.0,3829359.0,65187045.0,732.4,17.02
S207,31.6978,55.2429,1863.0,2076.8,2.85,60.4,37.0,69.84,44.73,3376.0,7,50.0,66852.0,1571027.0,27191055.0,734.9,17.31
S208,31.6315,55.0478,2191.0,2089.8,1.41,48.3,30.0,68.3,61.07,3811.0,7,50.0,54544.0,1281779.0,23008566.0,767.0,17.95
S209,31.1679,52.8124,1107.0,2032.5,1.66,101.1,63.0,67.77,46.42,4350.0,4,80.0,111401.0,2617931.0,44931284.0,713.2,17.16
S210,32.0502,53.6053,1300.0,2055.8,3.08,51.0,31.0,53.17,140.46,3491.0,8,20.0,55445.0,1302956.0,26721458.0,862.0,20.51
S211,31.4172,53.0044,1728.0,2125.0,4.21,124.0,77.0,64.67,63.89,3034.0,4,80.0,142354.0,3345313.0,55153723.0,716.3,16.49
S212,31.8108,56.0124,1239.0,2061.2,4.17,65.6,41.0,61.55,41.4,5104.0,1,50.0,73523.0,1727791.0,29709898.0,724.6,17.2
S213,31.26,55.4954,1330.0,2102.0,2.43,109.9,68.0,57.77,38.17,6836.0,1,50.0,124354.0,2922327.0,47818135.0,703.2,16.36
S214,32.1975,53.3905,1819.0,1936.1,3.44,75.5,47.0,53.89,151.47,6861.0,8,20.0,79167.0,1860428.0,38229789.0,813.4,20.55
S215,30.6913,55.7098,1350.0,2114.0,3.72,62.5,39.0,60.43,69.63,3879.0,5,80.0,71728.0,1685608.0,29395544.0,753.7,17.44
S216,31.4811,55.0364,1284.0,2028.9,3.9,90.4,56.0,84.1,47.97,5997.0,7,50.0,98848.0,2322928.0,41267037.0,736.9,17.77
S217,32.6508,54.1311,1663.0,1965.6,2.2,32.5,20.0,31.99,88.12,6225.0,8,20.0,34201.0,803734.0,16866196.0,843.3,20.98
S218,31.573,55.0107,1179.0,2041.0,1.49,83.9,52.0,73.6,58.45,2717.0,7,50.0,92335.0,2169869.0,38020418.0,731.2,17.52
S219,31.8187,55.6892,1406.0,2047.2,5.64,92.6,57.0,73.21,28.59,7283.0,1,50.0,101521.0,2385735.0,40936248.0,718.2,17.16
S220,32.1138,54.7044,1059.0,2004.9,2.04,206.0,120.0,15.95,54.93,8259.0,7,50.0,209312.0,4918822.0,80256294.0,668.8,16.32
S221,32.6372,56.1157,1212.0,1953.3,3.12,155.1,96.0,97.93,51.2,4479.0,2,30.0,163140.0,3833781.0,70132395.0,730.5,18.29
S222,32.5684,54.7828,1031.0,1941.0,1.41,92.7,57.0,39.42,26.48,10297.0,7,50.0,96254.0,2261973.0,39275842.0,689.0,17.36
S223,33.1985,53.5285,1306.0,1907.2,2.87,48.4,30.0,45.77,162.03,4476.0,6,20.0,49778.0,1169781.0,26817761.0,893.9,22.93
S224,33.0614,54.102,1397.0,1893.9,4.8,133.6,83.0,65.67,108.35,2278.0,6,20.0,136759.0,3213825.0,61144197.0,736.7,19.03
S225,32.8284,53.2869,1363.0,1966.5,7.35,161.6,100.0,18.35,169.4,7457.0,6,20.0,171086.0,4020509.0,72816901.0,728.2,18.11
S226,30.6207,54.0678,1231.0,2173.0,4.93,81.1,50.0,69.98,93.06,4926.0,4,80.0,94526.0,2221349.0,38394664.0,767.9,17.28
S227,32.8101,54.7593,1645.0,1923.3,1.06,81.3,50.0,52.87,43.57,7182.0,0,50.0,83664.0,1966093.0,35552617.0,711.1,18.08
S228,32.3462,55.2633,1207.0,1929.9,6.19,89.8,56.0,43.8,26.51,9758.0,7,50.0,94025.0,2209581.0,39125500.0,698.7,17.71
S229,32.5009,53.3189,1721.0,2025.1,4.15,157.1,98.0,35.33,162.92,7040.0,6,20.0,172660.0,4057511.0,71998964.0,734.7,17.74
S230,31.9606,54.3959,1167.0,1950.6,1.98,51.1,31.0,49.29,86.99,2860.0,7,50.0,52608.0,1236281.0,24300559.0,783.9,19.66
S231,31.7928,55.3349,1899.0,2046.9,1.98,122.7,76.0,67.32,42.11,3833.0,7,50.0,135341.0,3180514.0,53567855.0,704.8,16.84
S232,31.933,53.161,1558.0,2036.9,0.3,85.1,53.0,89.31,120.1,2224.0,8,20.0,93921.0,2207154.0,41808593.0,788.8,18.94
S233,31.1328,53.347,1675.0,2155.6,3.22,44.4,27.0,19.32,37.21,10072.0,4,80.0,50635.0,1189924.0,19282959.0,714.2,16.21
S234,30.9877,54.0243,1048.0,2076.0,2.7,76.9,48.0,32.64,86.38,6026.0,3,30.0,86694.0,2037303.0,35261321.0,734.6,17.31
S235,32.2966,53.2497,1792.0,2005.5,1.43,163.5,102.0,58.78,160.89,1800.0,6,20.0,177968.0,4182250.0,75179714.0,737.1,17.98
S236,31.1474,54.87,1394.0,2118.6,2.41,54.5,34.0,76.48,25.57,7866.0,3,30.0,62668.0,1472702.0,24729700.0,727.3,16.79
S237,31.6089,54.6411,976.0,2016.3,6.15,112.7,70.0,64.74,76.33,3533.0,3,30.0,122793.0,2885628.0,51163058.0,730.9,17.73
S238,32.4035,54.4371,1449.0,1933.4,1.93,76.9,48.0,41.92,59.25,5375.0,7,50.0,80739.0,1897361.0,34365650.0,716.0,18.11
S239,31.3011,56.3186,1326.0,2089.8,2.27,109.8,68.0,20.92,66.52,6771.0,1,50.0,123633.0,2905365.0,47030715.0,691.6,16.19
S240,32.9238,53.3104,1793.0,1998.8,0.79,102.1,63.0,21.64,169.74,6644.0,6,20.0,109554.0,2574524.0,48002988.0,762.0,18.65
S241,31.4365,56.3987,1370.0,2065.1,2.67,149.9,93.0,34.07,68.86,5385.0,1,50.0,167087.0,3926550.0,64190819.0,690.2,16.35
S242,32.7831,55.9597,1811.0,1937.7,3.62,41.5,25.0,76.53,65.52,5422.0,2,30.0,42145.0,990407.0,20100413.0,804.0,20.3
S243,32.5922,56.2783,1195.0,1972.2,4.64,57.6,35.0,110.71,48.84,6732.0,2,30.0,60053.0,1411257.0,27396906.0,782.8,19.41
S244,33.191,56.3698,1379.0,1961.3,3.16,203.0,120.0,78.52,102.04,6210.0,2,30.0,204760.0,4811853.0,87845622.0,732.0,18.26
S245,32.2189,54.9341,1543.0,2044.3,2.57,133.4,83.0,10.38,34.17,13540.0,7,50.0,147619.0,3469044.0,55682677.0,670.9,16.05
S246,32.0128,56.1234,1756.0,2040.4,3.19,63.5,39.0,83.42,18.28,8136.0,1,50.0,69231.0,1626923.0,28182427.0,722.6,17.32
S247,31.0458,54.8086,1037.0,2095.7,1.29,94.3,58.0,73.93,29.3,6657.0,3,30.0,105749.0,2485102.0,41271437.0,711.6,16.61
S248,32.29,55.3083,1598.0,1951.6,8.24,30.5,19.0,46.3,33.91,7957.0,7,50.0,32260.0,758109.0,14360086.0,755.8,18.94
S249,32.7665,55.2514,1363.0,1933.2,4.51,95.3,59.0,71.57,25.05,5237.0,0,50.0,99231.0,2331932.0,41810668.0,708.7,17.93
S250,32.618,56.122,1865.0,1926.3,0.89,79.7,49.0,100.06,49.08,6485.0,2,30.0,82118.0,1929777.0,36845742.0,752.0,19.09
S251,31.3812,55.3091,1240.0,2107.5,0.82,131.8,82.0,76.57,40.65,7025.0,1,50.0,150349.0,3533203.0,58468110.0,713.0,16.55
S252,32.7607,55.8794,2060.0,1933.6,3.32,118.5,74.0,75.43,59.57,2866.0,2,30.0,124485.0,2925401.0,53431617.0,722.0,18.26
S253,33.0693,53.5936,1128.0,1935.8,1.82,84.8,53.0,32.98,150.27,5006.0,6,20.0,89260.0,2097604.0,41099109.0,775.5,19.59
S254,32.6782,55.025,1186.0,1946.1,1.24,191.9,119.0,54.8,19.11,8950.0,7,50.0,201480.0,4734774.0,81600623.0,685.7,17.23
S255,32.7179,56.3322,1726.0,1963.5,1.83,198.6,120.0,103.39,63.7,3188.0,2,30.0,204989.0,4817251.0,87704261.0,730.9,18.21
S256,31.2937,54.9767,1150.0,2103.9,3.33,147.4,92.0,85.21,29.66,8059.0,3,30.0,168396.0,3957310.0,66032508.0,717.7,16.69
S257,31.9349,56.1011,1335.0,2008.0,5.35,70.4,43.0,74.74,26.91,9369.0,1,50.0,75119.0,1765303.0,31290150.0,727.7,17.73
S258,33.0684,54.2148,1724.0,1894.7,0.87,115.7,72.0,59.18,100.32,3878.0,0,50.0,118684.0,2789074.0,52716501.0,732.2,18.9
S259,31.7482,55.0767,1963.0,2056.5,4.74,187.8,117.0,57.19,61.41,5790.0,7,50.0,209331.0,4919282.0,82229882.0,702.8,16.72
S260,32.6262,53.7794,1692.0,2033.3,1.16,73.4,45.0,18.07,120.36,5809.0,8,20.0,79604.0,1870687.0,34091448.0,757.6,18.22
S261,31.5842,53.1409,1419.0,2038.4,0.14,180.8,112.0,71.37,81.29,5446.0,4,80.0,198622.0,4667610.0,80096436.0,715.1,17.16
S262,33.2541,54.616,1925.0,1936.7,1.6,73.2,45.0,17.06,70.39,7246.0,0,50.0,75822.0,1781812.0,32089993.0,713.1,18.01
S263,32.3294,53.6645,1220.0,2029.0,1.38,115.6,72.0,24.57,132.14,7702.0,8,20.0,127097.0,2986769.0,52604154.0,730.6,17.61
S264,31.9084,53.0287,1988.0,2051.4,0.84,31.9,19.0,100.52,117.75,4489.0,8,20.0,33910.0,796877.0,18381548.0,967.4,23.07
S265,30.9994,54.6874,1440.0,2079.3,3.91,106.2,66.0,65.53,41.3,6346.0,3,30.0,119393.0,2805745.0,47076217.0,713.3,16.78
S266,31.8639,56.2787,1490.0,2015.7,4.14,81.0,50.0,68.89,38.27,4370.0,1,50.0,87683.0,2060549.0,35948170.0,719.0,17.45
S267,31.4443,53.9153,1845.0,2087.2,5.07,99.7,62.0,24.29,99.35,7077.0,3,30.0,112584.0,2645714.0,44948734.0,725.0,16.99
S268,32.0098,55.6292,1638.0,1957.6,2.58,48.8,30.0,79.23,48.91,4391.0,7,50.0,51093.0,1200694.0,22834713.0,761.2,19.02
S269,30.9748,56.3455,1439.0,2170.2,8.49,73.4,45.0,18.73,90.39,6342.0,5,80.0,84963.0,1996638.0,33373278.0,741.6,16.71
S270,30.8468,53.322,1163.0,2103.2,3.47,128.6,80.0,26.07,18.1,11891.0,4,80.0,146383.0,3439994.0,53918671.0,674.0,15.67
S271,31.9685,55.2773,1824.0,2078.3,3.46,138.2,86.0,50.79,59.58,5043.0,7,50.0,155498.0,3654213.0,60357758.0,701.8,16.52
S272,31.1509,56.3533,1618.0,2043.8,2.04,40.0,24.0,26.84,78.0,8310.0,1,50.0,42675.0,1002852.0,19061837.0,794.2,19.01
S273,32.4054,53.146,1212.0,2005.0,2.93,128.9,80.0,52.78,172.6,3994.0,6,20.0,139548.0,3279378.0,60997379.0,762.5,18.6
S274,31.9827,54.2268,1668.0,2006.5,0.93,56.2,35.0,61.91,97.47,5208.0,7,50.0,61098.0,1435801.0,27823770.0,795.0,19.38
S275,31.3477,54.9588,1381.0,2019.4,2.25,96.4,60.0,83.83,35.81,7392.0,3,30.0,105413.0,2477198.0,43535603.0,725.6,17.57
S276,32.1571,55.7212,1670.0,2029.0,2.7,62.6,39.0,84.7,36.61,5577.0,7,50.0,68844.0,1617833.0,28795999.0,738.4,17.8
S277,31.4401,55.6577,1467.0,2096.7,8.73,79.1,49.0,46.66,13.81,12885.0,1,50.0,89382.0,2100485.0,34382835.0,701.7,16.37
S278,32.2096,55.3244,1279.0,1993.4,5.7,150.8,94.0,47.1,41.69,5264.0,7,50.0,163020.0,3830976.0,65055073.0,692.1,16.98
S279,32.5898,53.0835,1832.0,1948.8,6.59,76.0,47.0,43.03,185.12,2123.0,6,20.0,79686.0,1872631.0,39102976.0,832.0,20.88
S280,31.8864,54.2698,1721.0,2023.9,3.35,90.8,56.0,63.77,101.29,4483.0,7,50.0,98604.0,2317204.0,42438730.0,757.8,18.31
S281,31.7615,55.7742,1351.0,2069.8,2.72,32.1,20.0,63.62,23.69,5679.0,1,50.0,36015.0,846341.0,14648628.0,732.4,17.31
S282,31.8292,53.2669,1621.0,2081.9,1.31,50.7,31.0,91.12,109.28,4812.0,8,20.0,56149.0,1319498.0,26315894.0,848.9,19.94
S283,31.3111,55.7529,1965.0,2093.3,0.88,63.9,39.0,33.71,28.54,13516.0,1,50.0,71026.0,1669103.0,27317575.0,700.5,16.37
S284,31.8102,56.3007,1503.0,2060.5,2.65,159.5,99.0,63.69,44.56,3496.0,1,50.0,177471.0,4170565.0,69107681.0,698.1,16.57
S285,32.8098,54.8941,973.0,1947.8,0.34,353.7,120.0,53.58,36.79,7239.0,0,50.0,203350.0,4778733.0,83579862.0,696.5,17.49
S286,33.1257,55.0291,1817.0,1926.1,2.56,37.4,23.0,27.98,29.67,11335.0,0,50.0,38541.0,905720.0,16517406.0,718.1,18.24
S287,33.0212,55.2258,1190.0,1891.9,2.81,142.9,89.0,49.6,7.99,11314.0,0,50.0,146490.0,3442511.0,60938213.0,684.7,17.7
S288,30.7704,54.4711,1419.0,2139.3,4.75,60.6,37.0,67.56,69.19,1838.0,3,30.0,68864.0,1618306.0,28161982.0,761.1,17.4
S289,32.8039,55.18,1244.0,1986.1,8.27,55.2,34.0,64.34,23.4,7715.0,0,50.0,58749.0,1380598.0,24602676.0,723.6,17.82
S290,30.9561,55.3893,1748.0,2127.3,2.13,42.0,26.0,76.04,28.27,7300.0,1,50.0,48120.0,1130809.0,19236332.0,739.9,17.01
S291,32.4815,53.2894,1205.0,1994.4,2.04,65.4,40.0,38.49,165.73,4590.0,6,20.0,69405.0,1631020.0,33380054.0,834.5,20.47
S292,30.8109,53.6026,1548.0,2148.8,0.65,75.7,47.0,25.31,45.13,8625.0,4,80.0,87864.0,2064814.0,32660535.0,694.9,15.82
S293,31.4531,55.6598,1115.0,2104.3,3.96,151.4,94.0,47.12,12.34,12308.0,1,50.0,172090.0,4044107.0,64656298.0,687.8,15.99
S294,31.9146,54.6684,1769.0,2009.8,8.13,99.9,62.0,36.54,75.44,9893.0,7,50.0,108409.0,2547602.0,45094752.0,727.3,17.7
S295,32.8307,55.1127,1037.0,1879.0,2.9,103.8,64.0,58.47,24.83,7209.0,0,50.0,104623.0,2458634.0,44659097.0,697.8,18.16
S296,31.4081,55.0011,1999.0,2169.3,2.24,20.0,12.0,88.66,40.74,3606.0,3,30.0,22647.0,532216.0,10092034.0,841.0,18.96
S297,32.1749,56.1725,1779.0,2018.3,3.45,89.9,56.0,101.64,5.94,8809.0,1,50.0,98332.0,2310792.0,40481184.0,722.9,17.52
S298,31.2174,53.3496,1190.0,2086.8,4.81,128.0,79.0,26.19,45.48,10875.0,4,80.0,143426.0,3370505.0,54446973.0,689.2,16.15
S299,31.7425,53.5944,1133.0,2004.3,4.51,59.0,36.0,69.26,108.19,1800.0,3,30.0,62775.0,1475205.0,29150423.0,809.7,19.76
S300,30.6218,53.6282,1953.0,2151.6,2.77,88.9,55.0,46.08,53.91,4722.0,4,80.0,102954.0,2419420.0,38981745.0,708.8,16.11
S301,32.2096,56.1548,1727.0,2007.4,3.84,114.9,71.0,105.4,5.62,9419.0,1,50.0,123997.0,2913932.0,51570663.0,726.3,17.7
S302,32.202,53.9895,1100.0,1975.9,1.61,147.4,92.0,33.07,105.83,5247.0,8,20.0,158151.0,3716549.0,64846145.0,704.8,17.45
S303,32.389,53.5099,1351.0,2021.7,1.42,53.5,33.0,34.16,145.71,7678.0,8,20.0,58043.0,1364011.0,27937818.0,846.6,20.48
S304,30.9822,54.5354,1147.0,2125.2,1.59,71.2,44.0,54.34,55.92,4261.0,3,30.0,81353.0,1911787.0,31898414.0,725.0,16.69
S305,32.4823,53.1712,1301.0,1945.0,0.38,61.3,38.0,44.58,176.81,5285.0,6,20.0,64302.0,1511090.0,32652280.0,859.3,21.61
S306,31.5991,54.8103,1410.0,2067.3,7.63,136.8,85.0,68.56,67.1,2275.0,7,50.0,152877.0,3592606.0,61315346.0,721.4,17.07
S307,33.0503,56.0406,2124.0,1913.7,1.7,124.8,78.0,58.24,69.24,5400.0,2,30.0,129864.0,3051797.0,55677592.0,713.8,18.24
S308,30.9416,54.3231,1927.0,2138.7,2.16,79.5,49.0,43.9,76.62,4515.0,3,30.0,91173.0,2142560.0,35788308.0,730.4,16.7
S309,31.9239,54.5557,1879.0,2063.0,8.86,91.0,56.0,41.11,80.26,6222.0,7,50.0,100509.0,2361970.0,41172239.0,735.2,17.43
S310,30.6116,54.1976,1425.0,2212.8,8.66,54.7,34.0,74.86,100.61,2037.0,3,30.0,65455.0,1538184.0,27829269.0,818.5,18.09
S311,31.5108,54.7018,1676.0,2075.6,2.98,50.0,31.0,64.46,64.16,4701.0,3,30.0,55979.0,1315505.0,23842364.0,769.1,18.12
S312,31.5337,55.508,1151.0,2054.1,1.29,128.1,80.0,64.02,17.28,9076.0,1,50.0,142965.0,3359686.0,55632884.0,695.4,16.56
S313,30.658,55.1413,1553.0,2167.9,3.29,124.9,78.0,113.73,44.22,3890.0,1,50.0,147114.0,3457172.0,57994533.0,743.5,16.78
S314,32.185,53.2119,1439.0,1998.7,5.93,202.2,120.0,68.92,148.29,1800.0,8,20.0,208664.0,4903611.0,88474872.0,737.3,18.04
S315,30.7326,54.6976,1113.0,2139.8,1.19,155.5,97.0,84.44,53.66,4184.0,3,30.0,180578.0,4243576.0,69600436.0,717.5,16.4
S316,33.2078,54.5305,1210.0,1928.8,4.82,232.3,120.0,26.12,75.89,6785.0,0,50.0,201367.0,4732118.0,82447048.0,687.1,17.42
S317,32.3195,52.8298,2004.0,2039.8,0.67,92.6,57.0,80.08,165.56,2224.0,6,20.0,101154.0,2377112.0,46115195.0,809.0,19.4
S318,33.3686,54.3745,1623.0,1881.2,2.08,129.5,80.0,40.25,96.12,4954.0,0,50.0,130932.0,3076891.0,57031463.0,712.9,18.54
S319,31.1685,53.08,1518.0,2134.0,3.2,189.9,118.0,43.48,35.42,9952.0,4,80.0,219076.0,5148296.0,81086944.0,687.2,15.75
S320,31.4636,53.1076,1801.0,2083.1,4.24,31.2,19.0,61.86,67.92,2502.0,4,80.0,34434.0,809191.0,15744280.0,828.6,19.46
S321,33.0717,55.4339,1947.0,1923.2,1.81,38.1,23.0,36.45,15.46,8816.0,2,30.0,38483.0,904356.0,15959486.0,693.9,17.65
S322,32.5916,53.8317,1930.0,2025.3,0.87,371.8,120.0,12.88,115.14,8961.0,8,20.0,211441.0,4968871.0,83924528.0,699.4,16.89
S323,32.441,53.4631,1048.0,1960.0,2.46,59.8,37.0,37.31,149.63,8513.0,8,20.0,63092.0,1482671.0,30942283.0,836.3,20.87
S324,31.5471,53.156,1512.0,2049.0,1.2,246.7,120.0,67.07,77.2,3258.0,4,80.0,213916.0,5027017.0,84932701.0,707.8,16.9
S325,33.0986,53.3115,1273.0,1931.1,2.78,90.2,56.0,37.74,175.78,5128.0,6,20.0,94083.0,2210955.0,44439525.0,793.6,20.1
S326,30.6422,56.0769,1173.0,2188.9,2.76,51.8,32.0,30.17,102.58,9150.0,5,80.0,60939.0,1432066.0,25503437.0,797.0,17.81
S327,31.2068,55.8553,1253.0,2058.7,1.55,38.1,23.0,24.37,42.55,8828.0,1,50.0,41195.0,968073.0,16872337.0,733.6,17.43
S328,32.7165,55.8546,1546.0,1956.5,4.69,105.3,65.0,79.13,59.82,6939.0,2,30.0,110640.0,2600042.0,47997040.0,738.4,18.46
S329,32.0198,56.3024,1496.0,2008.9,1.41,114.9,71.0,86.26,25.19,8723.0,1,50.0,124090.0,2916109.0,51002491.0,718.3,17.49
S330,33.2621,55.7329,1272.0,1944.2,4.51,51.9,32.0,21.17,50.42,9201.0,2,30.0,54127.0,1271973.0,23172839.0,724.2,18.22
S331,31.6908,55.8407,1786.0,2046.1,4.63,55.1,34.0,53.71,20.42,8968.0,1,50.0,60524.0,1422305.0,24084425.0,708.4,16.93
S332,32.0902,52.9685,1268.0,2001.8,0.65,68.3,42.0,91.23,138.43,3924.0,6,20.0,73146.0,1718926.0,35150349.0,836.9,20.45
S333,31.8322,53.32,1481.0,2043.6,0.88,100.5,62.0,87.88,110.31,3273.0,8,20.0,110232.0,2590447.0,47730945.0,769.9,18.43
S334,33.1132,54.9264,996.0,1857.0,1.17,44.9,28.0,22.6,37.66,8388.0,0,50.0,45237.0,1063058.0,19859427.0,709.3,18.68
S335,32.3076,53.7262,1361.0,1975.7,1.32,45.1,28.0,22.64,126.84,9021.0,8,20.0,48128.0,1131009.0,23642177.0,844.4,20.9
S336,31.8156,55.2747,1969.0,2037.5,8.05,97.9,61.0,61.52,48.19,4322.0,7,50.0,108130.0,2541058.0,43906248.0,719.8,17.28
S337,32.2055,53.7211,1435.0,1968.2,3.92,66.8,41.0,32.92,129.85,5395.0,8,20.0,70206.0,1649834.0,32519912.0,793.2,19.71
S338,32.798,53.8434,1402.0,1905.2,6.0,73.9,46.0,34.21,118.02,5030.0,6,20.0,76246.0,1791783.0,35476212.0,771.2,19.8
S339,31.3853,53.9351,1342.0,2098.1,1.98,70.9,44.0,18.28,96.64,6170.0,3,30.0,80315.0,1887409.0,32530027.0,739.3,17.24
S340,31.3539,56.3582,1938.0,2094.5,3.29,36.6,22.0,26.27,67.69,6080.0,1,50.0,40089.0,942085.0,17261252.0,784.6,18.32
S341,33.1865,55.2787,1807.0,1934.1,0.83,176.7,110.0,33.85,22.2,11936.0,2,30.0,185093.0,4349694.0,74278206.0,675.3,17.08
S342,33.219,55.939,1588.0,1911.9,3.51,74.1,46.0,39.91,64.69,3091.0,2,30.0,76514.0,1798085.0,33132111.0,720.3,18.43
S343,32.1457,56.0192,964.0,2009.3,0.92,179.7,112.0,98.5,9.18,9623.0,1,50.0,195786.0,4600976.0,80309181.0,717.0,17.45
S344,33.1154,55.0355,1491.0,1865.1,0.74,76.4,47.0,29.17,28.58,10888.0,0,50.0,76264.0,1792203.0,32292006.0,687.1,18.02
S345,32.9877,55.4482,1318.0,1919.0,1.74,123.4,77.0,45.1,13.66,12768.0,2,30.0,128554.0,3021015.0,52792268.0,685.6,17.48
S346,31.0592,55.55,1768.0,2156.7,3.02,97.2,60.0,57.29,41.35,5755.0,1,50.0,112580.0,2645624.0,42439998.0,707.3,16.04
S347,32.3388,53.9473,1376.0,1944.5,3.67,44.6,27.0,17.58,105.78,9109.0,8,20.0,45676.0,1073393.0,22102937.0,818.6,20.59
S348,31.6024,55.7958,1202.0,2039.2,2.61,169.1,105.0,47.72,11.22,10676.0,1,50.0,186281.0,4377602.0,71682192.0,682.7,16.37
S349,30.9622,54.7067,1910.0,2106.3,2.94,166.5,104.0,69.16,40.35,5778.0,3,30.0,190578.0,4478584.0,73190348.0,703.8,16.34
S350,32.4524,54.0509,1555.0,1989.3,4.1,137.5,85.0,18.28,94.51,6103.0,8,20.0,147109.0,3457055.0,59225872.0,696.8,17.13
S351,32.0934,54.3138,1512.0,2004.3,8.34,85.1,53.0,49.89,83.65,5445.0,7,50.0,92418.0,2171829.0,39540051.0,746.0,18.21
S352,32.4332,55.4056,1216.0,1993.5,3.51,103.0,64.0,59.78,33.82,4968.0,7,50.0,110998.0,2608455.0,44922090.0,701.9,17.22
S353,32.1063,52.8031,1505.0,2000.5,0.55,166.8,104.0,98.84,142.8,3032.0,6,20.0,181005.0,4253623.0,79084178.0,760.4,18.59
S354,32.1069,55.7873,1539.0,2040.5,3.22,157.3,98.0,91.49,31.32,5414.0,7,50.0,173973.0,4088366.0,70378120.0,718.1,17.21
S355,31.0936,52.8256,932.0,2081.3,1.16,230.0,120.0,65.06,39.64,5024.0,4,80.0,217288.0,5106261.0,83511856.0,695.9,16.35
S356,31.6189,55.5526,1334.0,2030.2,3.7,111.5,69.0,65.54,14.26,8488.0,1,50.0,121873.0,2864013.0,48222880.0,698.9,16.84
S357,31.7331,53.7388,1235.0,2015.0,0.16,95.6,59.0,60.14,113.55,2752.0,3,30.0,103430.0,2430604.0,44393522.0,752.4,18.26
S358,31.263,55.1112,1261.0,2090.8,4.02,109.1,68.0,94.28,23.12,6974.0,1,50.0,123692.0,2906756.0,49288887.0,724.8,16.96
S359,31.319,54.0996,1506.0,2069.7,0.5,105.6,65.0,5.0,101.04,10555.0,3,30.0,117042.0,2750476.0,45958913.0,707.1,16.71
S360,33.16,53.0287,1191.0,1865.5,1.46,89.6,55.0,58.77,202.81,3919.0,6,20.0,89264.0,2097708.0,45606830.0,829.2,21.74
S361,31.5452,54.548,1246.0,2066.9,5.06,118.6,74.0,53.46,76.7,3577.0,3,30.0,133067.0,3127075.0,53154281.0,718.3,17.0
S362,31.3899,53.8037,1281.0,2109.7,1.02,112.1,70.0,29.09,87.43,7560.0,3,30.0,128481.0,3019297.0,49611380.0,708.7,16.43
S363,32.1971,55.3658,1419.0,2010.8,1.83,49.9,31.0,51.03,45.21,7388.0,7,50.0,54231.0,1274435.0,22803645.0,735.6,17.89
S364,33.1071,53.899,1093.0,1870.0,2.42,157.2,98.0,52.87,127.0,3017.0,6,20.0,159436.0,3746751.0,70953537.0,724.0,18.94
S365,32.4029,55.3503,1745.0,2021.5,1.12,107.0,66.0,53.69,29.98,8004.0,7,50.0,116075.0,2727751.0,45906733.0,695.6,16.83
S366,32.0772,54.086,1699.0,2016.1,2.46,126.1,78.0,49.43,103.03,3704.0,8,20.0,136813.0,3215095.0,56439882.0,723.6,17.55
S367,31.7708,54.2979,1540.0,1999.5,4.21,23.1,14.0,58.63,108.74,1800.0,3,30.0,24354.0,572317.0,14014363.0,1001.0,24.49
S368,30.6969,54.0168,1360.0,2116.7,4.16,75.7,47.0,60.9,86.25,3459.0,4,80.0,86552.0,2033969.0,35540444.0,756.2,17.47
S369,30.6205,53.2516,1203.0,2130.3,2.47,92.4,57.0,50.73,28.27,6681.0,4,80.0,105642.0,2482577.0,39604266.0,694.8,15.95
S370,31.4743,53.1776,1605.0,2047.7,8.33,112.3,70.0,59.06,69.2,3568.0,4,80.0,124705.0,2930566.0,50777257.0,725.4,17.33
S371,31.4709,54.5021,1048.0,2063.4,2.52,90.4,56.0,45.47,74.45,4644.0,3,30.0,100529.0,2362428.0,40457471.0,722.5,17.13
S372,31.6209,54.1468,1348.0,2020.8,1.02,93.2,58.0,38.73,111.49,6217.0,3,30.0,101970.0,2396285.0,43059932.0,742.4,17.97
S373,31.7041,55.7424,1551.0,2006.9,0.65,102.4,64.0,59.82,16.67,10945.0,1,50.0,111744.0,2625989.0,44547442.0,696.1,16.96
S374,32.2149,53.4686,1173.0,2035.3,0.26,47.6,29.0,46.86,152.65,3494.0,8,20.0,51351.0,1206740.0,25628521.0,883.7,21.24
S375,32.5025,54.6089,2081.0,2025.5,2.3,76.8,47.0,37.76,41.96,6454.0,7,50.0,82823.0,1946333.0,32939014.0,700.8,16.92
S376,31.9293,56.2364,1140.0,2015.2,4.34,98.8,61.0,75.18,30.0,7607.0,1,50.0,106947.0,2513247.0,43792509.0,717.9,17.42
S377,32.2537,53.5953,1163.0,1971.6,1.34,116.2,72.0,35.09,140.08,5253.0,8,20.0,123501.0,2902274.0,53244309.0,739.5,18.35
S378,31.2012,55.3149,939.0,2054.3,1.26,86.6,54.0,75.26,24.95,7081.0,1,50.0,96511.0,2268009.0,38409724.0,711.3,16.94
S379,32.9037,54.6401,1251.0,1915.8,2.69,41.6,26.0,44.77,58.72,4010.0,0,50.0,43335.0,1018382.0,19762405.0,760.1,19.41
S380,32.4264,53.2182,1358.0,1955.5,0.66,90.2,56.0,47.09,172.67,3383.0,6,20.0,95272.0,2238891.0,44387770.0,792.6,19.83
S381,31.1443,56.1037,1533.0,2120.2,4.38,82.6,51.0,13.17,60.96,7765.0,1,50.0,94073.0,2210722.0,35669513.0,699.4,16.13
S382,33.1046,55.8098,1328.0,1899.6,3.06,81.7,51.0,38.87,49.1,6557.0,2,30.0,84285.0,1980703.0,35990442.0,705.7,18.17
S383,32.0577,53.5493,1988.0,2046.4,1.64,127.3,79.0,55.03,139.65,3518.0,8,20.0,140649.0,3305253.0,58871952.0,745.2,17.81
S384,31.2985,52.911,1418.0,2085.1,2.92,117.1,73.0,64.21,53.83,2695.0,4,80.0,132425.0,3111980.0,51801644.0,709.6,16.65
S385,30.6775,55.6029,1036.0,2105.2,1.64,63.9,39.0,70.74,62.62,2517.0,5,80.0,71429.0,1678592.0,29215529.0,749.1,17.4
S386,32.1247,55.611,1231.0,1957.5,0.86,105.4,65.0,74.78,47.28,5515.0,7,50.0,110697.0,2601371.0,46739442.0,719.1,17.97
S387,33.1447,54.7568,1626.0,1938.8,0.88,29.9,18.0,15.98,53.69,8974.0,0,50.0,30362.0,713498.0,13930630.0,773.9,19.52
S388,32.7923,53.8113,1655.0,1984.1,4.86,110.6,69.0,31.19,120.75,5547.0,6,20.0,119106.0,2798980.0,50629887.0,733.8,18.09
S389,32.7065,54.1664,1197.0,1957.1,2.46,127.5,79.0,38.46,86.21,2804.0,8,20.0,134511.0,3161020.0,55610028.0,703.9,17.59
S390,31.676,53.2768,1337.0,2069.2,6.71,95.2,59.0,75.83,92.52,1904.0,4,80.0,106212.0,2495983.0,44710838.0,757.8,17.91
S391,32.9922,54.6422,1241.0,1923.7,1.82,77.2,48.0,35.53,61.51,6890.0,0,50.0,80334.0,1887842.0,34332243.0,715.3,18.19
S392,32.1469,54.1485,1516.0,2009.7,2.24,68.0,42.0,45.81,94.29,6034.0,8,20.0,73434.0,1725709.0,32047644.0,763.0,18.57
S393,31.6618,53.2279,1333.0,2062.5,4.34,69.4,43.0,75.79,90.37,3961.0,4,80.0,77158.0,1813216.0,33543029.0,780.1,18.5
S394,30.6942,54.3681,1485.0,2144.3,0.45,79.7,49.0,70.41,81.89,4191.0,3,30.0,91412.0,2148170.0,36876445.0,752.6,17.17
S395,33.0296,52.9523,1387.0,1860.3,0.78,129.3,80.0,55.86,205.07,1800.0,6,20.0,129477.0,3042707.0,62021824.0,775.3,20.38
S396,33.3275,55.1854,1652.0,1941.7,2.89,64.7,40.0,35.06,39.29,9172.0,2,30.0,67571.0,1587922.0,28305100.0,707.6,17.83
S397,32.6289,55.0622,1854.0,2016.8,10.36,72.4,45.0,51.12,13.42,8820.0,7,50.0,78958.0,1855506.0,31572510.0,701.6,17.02
S398,31.5607,54.9045,1517.0,2110.1,1.04,50.4,31.0,73.22,59.7,3672.0,7,50.0,56909.0,1337371.0,23729676.0,765.5,17.74
S399,31.8323,54.3809,1312.0,2051.7,2.67,102.3,63.0,59.66,98.44,3495.0,7,50.0,112454.0,2642661.0,46727615.0,741.7,17.68
S400,31.5037,53.9733,1228.0,2089.3,4.49,211.2,120.0,27.15,107.85,8237.0,3,30.0,218123.0,5125889.0,83991854.0,699.9,16.39
S401,31.1007,53.3578,1556.0,2080.3,0.8,116.9,73.0,16.39,34.91,10763.0,4,80.0,132120.0,3104817.0,49002341.0,671.3,15.78
S402,31.4751,56.2484,1780.0,2096.5,5.94,62.0,38.0,27.35,54.05,5901.0,1,50.0,69310.0,1628792.0,27333910.0,719.3,16.78
S403,30.9015,54.7365,1359.0,2131.8,4.8,123.0,76.0,75.18,40.0,5595.0,3,30.0,140955.0,3312433.0,54473815.0,716.8,16.45
S404,32.8799,53.263,1575.0,1997.6,2.2,110.3,68.0,22.45,172.82,4968.0,6,20.0,118178.0,2777183.0,51374078.0,755.5,18.5
S405,30.9816,54.8254,1728.0,2166.4,3.49,82.7,51.0,78.18,28.87,3891.0,3,30.0,96123.0,2258894.0,36522412.0,716.1,16.17
S406,33.2261,53.9895,1773.0,1944.1,2.1,123.9,77.0,68.11,125.06,3987.0,6,20.0,130235.0,3060529.0,57811661.0,750.8,18.89
S407,32.1985,55.2368,1410.0,1976.1,1.74,56.7,35.0,38.9,38.41,4876.0,7,50.0,60172.0,1414048.0,24739964.0,706.9,17.5
S408,32.5428,55.0855,1294.0,1990.6,0.94,131.4,82.0,43.9,4.71,11766.0,7,50.0,142009.0,3337221.0,55503482.0,676.9,16.63
S409,31.0619,52.9712,1726.0,2161.3,3.8,166.8,104.0,50.9,27.84,8013.0,4,80.0,195554.0,4595529.0,71687896.0,689.3,15.6
S410,31.2308,54.1895,1561.0,2085.7,1.31,67.4,42.0,11.6,90.31,7844.0,3,30.0,76211.0,1790970.0,30821501.0,733.8,17.21
S411,30.8145,54.113,1729.0,2154.8,2.01,159.4,99.0,51.55,93.72,5067.0,3,30.0,185593.0,4361434.0,70393146.0,711.0,16.14
S412,31.2983,55.9906,1488.0,2055.9,1.65,157.4,98.0,11.4,41.05,8115.0,1,50.0,175286.0,4119222.0,64867282.0,661.9,15.75
S413,31.0634,56.2341,1502.0,2162.7,3.06,131.8,82.0,25.43,75.94,7353.0,1,50.0,154287.0,3625745.0,56988942.0,695.0,15.72
S414,32.0321,55.1294,1465.0,1994.1,4.19,140.2,87.0,35.27,53.4,8066.0,7,50.0,150933.0,3546936.0,60235644.0,692.4,16.98
S415,32.2664,54.0657,1111.0,2015.2,4.79,24.5,15.0,30.54,96.82,7960.0,8,20.0,26298.0,618011.0,14022960.0,934.9,22.69
S416,32.1581,53.2859,1399.0,1977.3,3.33,71.4,44.0,64.48,145.83,3320.0,8,20.0,75691.0,1778740.0,36067316.0,819.7,20.28
S417,32.6715,53.5469,1386.0,2007.3,1.31,130.0,81.0,14.6,142.57,9925.0,6,20.0,141454.0,3324179.0,58574478.0,723.1,17.62
S418,32.9441,55.894,1492.0,1894.2,5.13,133.2,83.0,58.01,55.47,2840.0,2,30.0,136780.0,3214334.0,58540991.0,705.3,18.21
S419,32.4183,53.3153,1686.0,1971.3,2.11,138.7,86.0,43.95,163.64,3042.0,6,20.0,147493.0,3466078.0,63826088.0,742.2,18.41
S420,33.3051,54.3882,1251.0,1854.9,1.5,86.0,53.0,37.96,92.07,6005.0,0,50.0,85529.0,2009942.0,38927911.0,734.5,19.37
S421,31.4941,53.4241,1237.0,2042.0,1.24,143.3,89.0,53.02,76.48,2390.0,4,80.0,158112.0,3715633.0,62575317.0,703.1,16.84
S422,32.3593,54.354,1549.0,1983.0,3.48,67.4,42.0,46.96,67.96,5374.0,7,50.0,72459.0,1702782.0,31006869.0,738.3,18.21
S423,31.2907,54.8156,1549.0,2124.3,1.97,126.5,79.0,69.9,38.77,6645.0,3,30.0,146003.0,3431074.0,55981834.0,708.6,16.32
S424,31.2354,53.0883,1800.0,2147.6,3.58,25.2,15.0,46.09,42.71,6681.0,4,80.0,28026.0,658615.0,11879299.0,792.0,18.04
S425,31.9323,54.2924,1626.0,2029.3,3.0,33.9,21.0,59.15,96.26,5556.0,7,50.0,37075.0,871270.0,18311495.0,872.0,21.02
S426,31.9617,56.2928,1352.0,2030.9,2.88,32.9,20.0,79.77,29.5,8060.0,1,50.0,35338.0,830435.0,15232106.0,761.6,18.34
S427,31.7791,56.3628,1394.0,2042.2,2.5,62.5,39.0,62.47,50.26,5118.0,1,50.0,69292.0,1628358.0,28652507.0,734.7,17.6
S428,32.9906,53.9759,1634.0,1887.9,1.16,134.9,84.0,51.64,114.37,4188.0,6,20.0,137968.0,3242242.0,60973242.0,725.9,18.81
S429,32.351,53.9492,1741.0,2024.7,4.33,44.7,27.0,16.49,105.36,8117.0,8,20.0,47560.0,1117665.0,22044749.0,816.5,19.72
S430,33.3318,54.8436,1385.0,1916.3,1.62,119.1,74.0,6.87,57.29,9621.0,0,50.0,123371.0,2899228.0,50002404.0,675.7,17.25
S431,30.6402,53.1668,1465.0,2101.0,6.32,28.4,17.0,53.26,23.91,9167.0,4,80.0,31074.0,730234.0,12666578.0,745.1,17.35
S432,31.9043,54.4239,1758.0,2055.1,3.47,147.6,92.0,51.17,89.73,5520.0,7,50.0,164490.0,3865520.0,65758269.0,714.8,17.01
S433,31.4122,52.8526,1595.0,2156.1,2.63,80.5,50.0,75.57,67.63,4051.0,4,80.0,93790.0,2204073.0,37304470.0,746.1,16.93
S434,32.0567,53.7546,1367.0,2026.6,7.73,39.6,24.0,47.84,132.27,3975.0,8,20.0,42315.0,994412.0,21757319.0,906.6,21.88
S435,31.2424,54.4164,1489.0,2086.1,2.01,84.2,52.0,32.19,69.76,5208.0,3,30.0,94375.0,2217816.0,37065614.0,712.8,16.71
S436,30.854,55.1074,1588.0,2193.9,5.24,209.2,120.0,105.17,22.37,6437.0,1,50.0,229043.0,5382514.0,87441832.0,728.7,16.25
S437,33.0626,52.821,1511.0,1960.7,2.47,127.0,79.0,68.42,217.85,2273.0,6,20.0,134759.0,3166834.0,62917350.0,796.4,19.87
S438,31.4462,54.725,1353.0,2140.2,1.33,54.3,33.0,64.04,57.21,2197.0,3,30.0,61445.0,1443961.0,24694147.0,748.3,17.1
S439,30.79,55.0289,1065.0,2159.2,4.62,63.4,39.0,105.38,30.62,7869.0,3,30.0,73262.0,1721649.0,29431855.0,754.7,17.1
S440,32.5998,53.0371,1505.0,1951.2,0.95,71.5,44.0,46.29,189.51,3915.0,6,20.0,74692.0,1755260.0,37168625.0,844.7,21.18
S441,32.1873,53.7588,1220.0,1957.7,5.54,121.5,75.0,33.64,127.0,6652.0,8,20.0,127740.0,3001888.0,55212633.0,736.2,18.39
S442,32.0089,54.9206,1281.0,2009.3,3.41,134.1,83.0,24.73,56.99,8907.0,7,50.0,145092.0,3409651.0,57059422.0,687.5,16.73
S443,31.2499,55.0443,1881.0,2135.0,0.96,92.7,57.0,91.68,22.72,8018.0,3,30.0,105875.0,2488054.0,41192945.0,722.7,16.56
S444,32.2637,54.3305,1609.0,1984.0,2.96,83.7,52.0,46.71,73.38,3541.0,7,50.0,89756.0,2109270.0,37736083.0,725.7,17.89
S445,31.5184,54.4064,1905.0,2062.0,0.88,314.2,120.0,40.96,84.85,3766.0,3,30.0,215273.0,5058911.0,83133953.0,692.8,16.43
S446,31.4232,54.4709,1442.0,2057.6,8.01,84.4,52.0,40.5,73.73,7524.0,3,30.0,93086.0,2187517.0,38218320.0,735.0,17.47
S447,30.9917,54.4195,1609.0,2104.1,3.52,27.5,17.0,45.29,66.74,5862.0,3,30.0,31120.0,731312.0,14191598.0,834.8,19.41
S448,30.6356,53.586,1891.0,2145.4,3.45,48.3,30.0,43.69,49.63,7797.0,4,80.0,55995.0,1315881.0,22233476.0,741.1,16.9
S449,31.5424,55.544,1814.0,2098.3,1.7,67.1,41.0,61.5,13.75,8353.0,1,50.0,74846.0,1758889.0,28625821.0,698.2,16.27
S450,30.6552,56.0672,1599.0,2216.1,3.41,97.3,60.0,30.07,101.11,7191.0,5,80.0,115680.0,2718490.0,43850250.0,730.8,16.13
S451,30.762,55.4596,1291.0,2106.0,2.4,125.0,78.0,82.83,46.22,4323.0,1,50.0,142913.0,3358459.0,56152432.0,719.9,16.72
S452,31.7424,55.1297,1677.0,2018.9,3.98,93.8,58.0,60.0,56.49,4316.0,7,50.0,101874.0,2394032.0,41786539.0,720.5,17.45
S453,31.7613,53.4068,1741.0,2032.4,0.59,60.2,37.0,82.71,104.29,3121.0,4,80.0,65423.0,1537439.0,29926728.0,808.8,19.47
S454,31.8283,53.8444,1567.0,2094.8,3.48,93.4,58.0,65.21,127.78,3578.0,3,30.0,105704.0,2484035.0,44903714.0,774.2,18.08
S455,33.1027,52.9334,1097.0,1920.3,4.76,133.3,83.0,61.6,209.11,3238.0,6,20.0,138665.0,3258624.0,65235095.0,786.0,20.02
S456,32.0183,53.1127,1201.0,1975.6,1.19,48.6,30.0,86.77,129.57,2789.0,8,20.0,51563.0,1211734.0,26259668.0,875.3,21.67
S457,31.0166,53.9907,1524.0,2159.3,3.06,110.6,69.0,30.2,83.85,9371.0,3,30.0,129623.0,3046135.0,49269650.0,714.1,16.17
S458,32.0826,54.711,1323.0,2032.6,2.6,82.5,51.0,18.21,57.4,10362.0,7,50.0,90186.0,2119382.0,35802329.0,702.0,16.89
S459,33.2643,54.1499,1660.0,1865.5,6.82,127.5,79.0,60.1,111.58,5618.0,0,50.0,128216.0,3013072.0,58867248.0,745.2,19.54
S460,31.5395,55.9283,1898.0,2084.4,0.66,62.1,38.0,34.96,22.96,10966.0,1,50.0,68910.0,1619391.0,26277889.0,691.5,16.23
S461,33.1215,54.7256,1923.0,1935.7,2.51,150.4,94.0,19.28,55.71,7069.0,0,50.0,158302.0,3720086.0,63438720.0,674.9,17.05
S462,31.9519,55.7341,1793.0,2023.3,1.86,34.7,21.0,84.22,43.32,4769.0,1,50.0,36966.0,868694.0,16441085.0,782.9,18.93
S463,31.7445,54.9095,2203.0,2098.5,4.04,33.2,20.0,53.0,76.39,3873.0,7,50.0,36514.0,858077.0,16680924.0,834.0,19.44
S464,31.7736,53.0299,1164.0,2017.9,2.81,101.6,63.0,94.88,102.81,3439.0,4,80.0,110601.0,2599126.0,48646519.0,772.2,18.72
S465,33.2551,53.8151,1189.0,1868.4,3.85,80.6,50.0,60.62,141.59,4586.0,6,20.0,81275.0,1909972.0,39959717.0,799.2,20.92
S466,33.384,55.1437,1410.0,1882.0,4.66,33.7,21.0,34.15,46.44,6509.0,0,50.0,34384.0,808027.0,15891107.0,756.7,19.67
S467,32.1471,53.2271,1040.0,2005.3,3.39,113.0,70.0,69.8,144.15,2774.0,8,20.0,122123.0,2869885.0,53922927.0,770.3,18.79
S468,30.9652,54.4226,1056.0,2069.1,6.5,115.4,72.0,47.61,66.83,6696.0,3,30.0,129608.0,3045798.0,51571956.0,716.3,16.93
S469,33.3697,56.0874,1626.0,1924.5,5.44,41.5,25.0,49.28,84.56,5720.0,2,30.0,41858.0,983660.0,20447060.0,817.9,20.79
S470,31.2785,55.7363,1801.0,2115.5,1.39,60.3,37.0,34.9,31.83,8898.0,1,50.0,68098.0,1600302.0,25895197.0,699.9,16.18
S471,33.3525,53.8726,1663.0,1874.0,6.96,51.9,32.0,72.65,139.06,4318.0,6,20.0,52172.0,1226046.0,28040912.0,876.3,22.87
S472,32.1376,52.8586,1130.0,1997.4,3.19,101.5,63.0,92.85,145.16,3515.0,6,20.0,109477.0,2572721.0,50367548.0,799.5,19.58
S473,31.2735,53.8443,1774.0,2163.3,2.2,167.4,104.0,22.43,82.34,8194.0,3,30.0,195735.0,4599782.0,71461237.0,687.1,15.54
S474,30.9084,54.6975,1945.0,2129.6,1.29,52.1,32.0,71.68,43.09,5286.0,3,30.0,59288.0,1393270.0,23774169.0,742.9,17.06
S475,32.6736,53.4635,1207.0,1939.3,5.64,63.6,39.0,12.91,150.34,6957.0,6,20.0,65800.0,1546311.0,31648409.0,811.5,20.47
S476,33.3452,54.3589,1215.0,1886.1,1.41,105.8,66.0,41.16,96.33,3614.0,0,50.0,108300.0,2545047.0,47602075.0,721.2,18.7
S477,33.0796,52.8842,1235.0,1917.7,4.44,120.7,75.0,64.11,212.72,1800.0,6,20.0,125130.0,2940553.0,59884785.0,798.5,20.37
S478,32.1001,55.0952,1282.0,2012.3,3.29,130.1,81.0,28.59,45.55,7484.0,7,50.0,141807.0,3332459.0,55299495.0,682.7,16.59
S479,31.2703,53.122,1458.0,2071.3,3.75,20.0,12.0,45.6,46.4,7385.0,4,80.0,21624.0,508173.0,10028566.0,835.7,19.73
S480,32.6434,55.9334,1901.0,1946.1,6.06,81.8,51.0,89.41,54.46,2259.0,2,30.0,86348.0,2029189.0,38096973.0,747.0,18.77
S481,31.114,53.0696,1451.0,2062.1,3.53,192.9,120.0,42.57,29.62,7602.0,4,80.0,215283.0,5059156.0,81709238.0,680.9,16.15
S482,32.1314,54.1162,1605.0,2010.3,5.01,226.4,120.0,45.52,97.78,3149.0,8,20.0,209875.0,4932070.0,84352106.0,702.9,17.1
S483,31.837,55.4888,1042.0,2003.6,2.37,83.9,52.0,75.51,35.92,5189.0,7,50.0,90643.0,2130107.0,37425381.0,719.7,17.57
S484,32.5516,54.7932,1860.0,1975.9,3.43,55.6,34.0,37.47,25.12,9849.0,7,50.0,58447.0,1373507.0,23845448.0,701.3,17.36
S485,30.8422,53.1697,2220.0,2139.8,1.08,115.0,71.0,37.6,3.76,11269.0,4,80.0,132175.0,3106123.0,47667329.0,671.4,15.35
S486,32.9452,55.8288,1546.0,1940.4,0.34,184.4,115.0,54.86,49.4,7858.0,2,30.0,194137.0,4562220.0,79801452.0,693.9,17.49
S487,31.6071,55.0227,1496.0,2102.2,3.42,145.6,90.0,70.22,62.02,3369.0,7,50.0,164602.0,3868153.0,64271120.0,714.1,16.62
S488,33.2146,53.0611,1132.0,1852.9,1.46,48.4,30.0,61.21,202.21,5203.0,6,20.0,48361.0,1136476.0,28840469.0,961.3,25.38
S489,32.7985,53.3752,1859.0,1961.8,2.45,161.3,100.0,9.63,160.65,6505.0,6,20.0,170677.0,4010900.0,70902946.0,709.0,17.68
S490,32.4979,52.8048,1869.0,1990.3,4.66,108.8,68.0,70.83,185.49,3659.0,6,20.0,117746.0,2767034.0,54564978.0,802.4,19.72
S491,32.0773,55.4159,1563.0,2048.0,0.62,46.7,29.0,57.83,58.66,2889.0,7,50.0,51671.0,1214269.0,21912822.0,755.6,18.05
S492,31.856,55.6179,1048.0,2061.8,2.11,30.1,18.0,80.4,33.38,2953.0,1,50.0,32288.0,758763.0,13834732.0,768.6,18.23
S493,31.9032,53.5003,1146.0,2045.2,3.06,90.6,56.0,72.24,121.86,4719.0,8,20.0,99642.0,2341590.0,43669577.0,779.8,18.65
S494,32.296,55.7402,1244.0,2020.2,2.91,123.6,77.0,86.64,37.18,8169.0,7,50.0,135333.0,3180330.0,55839748.0,725.2,17.56
S495,32.3394,54.3826,1219.0,1941.5,1.13,62.2,38.0,43.7,65.96,5802.0,7,50.0,64186.0,1508371.0,28048735.0,738.1,18.6
S496,31.3016,55.9733,1676.0,2077.8,1.26,42.2,26.0,13.07,39.65,10477.0,1,50.0,47000.0,1104496.0,18539991.0,713.1,16.79
S497,31.3372,54.6395,1085.0,2039.0,4.66,132.8,83.0,53.55,55.12,3697.0,3,30.0,147236.0,3460050.0,58293660.0,702.3,16.85
S498,32.7923,53.5403,991.0,1953.6,8.69,46.1,28.0,5.87,145.39,7697.0,6,20.0,47590.0,1118358.0,24302226.0,867.9,21.73
S499,31.3227,55.3253,1158.0,2090.1,1.73,82.9,51.0,74.2,35.81,7225.0,1,50.0,92738.0,2179337.0,36802582.0,721.6,16.89
