generation,feasible,best_energy,best_cost,best_risk
0,0,0.00802632010098428,0.004017596202685779,0.14028647879547243
1,0,0.00802632010098428,0.004017596202685779,0.13469504715558328
2,0,0.008015573863795306,0.004017596202685779,0.11859735349716446
3,0,0.008015573863795306,0.00538474513406151,0.11859735349716446
4,0,0.008015573863795306,0.005477635866746643,0.11859735349716446
5,0,0.008015573863795306,0.005869052899825,0.11859735349716446
6,0,0.008028052163477477,0.005869052899825,0.11859735349716446
7,0,0.008028052163477477,0.005869052899825,0.11223692602040818
8,0,0.008072300327515932,0.005900884673612023,0.11223692602040818
9,0,0.008008684481985058,0.005900884673612023,0.11223692602040818
10,0,0.008008684481985058,0.005900884673612023,0.10233749917344444
11,1,0.008008684481985058,0.005900884673612023,0.08952601249898547
12,1,0.007974739620033297,0.006397440984739189,0.08952601249898547
13,2,0.008064583377744933,0.006409417140103048,0.08952601249898547
14,2,0.008064583377744933,0.006409417140103048,0.08952601249898547
15,3,0.008064583377744933,0.006409417140103048,0.08952601249898547
16,4,0.007918986479882947,0.006409417140103048,0.08952601249898547
17,6,0.007914785479315062,0.006796751217528893,0.08952601249898547
18,10,0.007914785479315062,0.006796751217528893,0.08952601249898547
19,12,0.007914785479315062,0.006796751217528893,0.08952601249898547
20,13,0.007914785479315062,0.006796751217528893,0.08952601249898547
21,15,0.007914785479315062,0.006796751217528893,0.08952601249898547
22,19,0.007914785479315062,0.006796751217528893,0.08952601249898547
23,24,0.007914785479315062,0.006862385400395932,0.08952601249898547
24,33,0.007914785479315062,0.006862385400395932,0.08952601249898547
25,42,0.007914785479315062,0.006861536071010434,0.08952601249898547
26,46,0.007914785479315062,0.006861536071010434,0.08952601249898547
27,64,0.007914785479315062,0.006861536071010434,0.08952601249898547
28,82,0.007914785479315062,0.006861536071010434,0.10102646502835538
29,101,0.007914785479315062,0.006861536071010434,0.10102646502835538
30,119,0.007914785479315062,0.006862385400395932,0.10102646502835538
31,120,0.007839478414393456,0.006862385400395932,0.10102646502835538
32,120,0.007839478414393456,0.006862385400395932,0.10102646502835538
33,120,0.007839478414393456,0.006862385400395932,0.10102646502835538
34,120,0.007839478414393456,0.006862385400395932,0.10102646502835538
35,120,0.007861204907500032,0.006862385400395932,0.10102646502835538
36,120,0.007861204907500032,0.006862385400395932,0.10102646502835538
37,120,0.007861204907500032,0.006862385400395932,0.10102646502835538
38,120,0.007861204907500032,0.006862385400395932,0.10102646502835538
39,120,0.007861204907500032,0.006862385400395932,0.10102646502835538
40,120,0.007861204907500032,0.006862385400395932,0.10102646502835538
41,120,0.007984258271088712,0.006862385400395932,0.10102646502835538
42,120,0.007984258271088712,0.006862385400395932,0.10102646502835538
43,120,0.007984258271088712,0.006862385400395932,0.10102646502835538
44,120,0.007984258271088712,0.006862385400395932,0.10102646502835538
45,120,0.007984258271088712,0.006862385400395932,0.10102646502835538
46,120,0.007984258271088712,0.006862385400395932,0.10102646502835538
47,120,0.00807697179480123,0.006862385400395932,0.09774635850178359
48,120,0.00807697179480123,0.006862385400395932,0.09774635850178359
49,120,0.00807697179480123,0.006789394298550868,0.09774635850178359
50,120,0.008116019722593163,0.006789394298550868,0.09774635850178359
51,120,0.008116019722593163,0.006789394298550868,0.09774635850178359
52,120,0.008116019722593163,0.006789394298550868,0.09774635850178359
53,120,0.008116019722593163,0.006715779947804215,0.09774635850178359
54,120,0.008116019722593163,0.006715779947804215,0.09774635850178359
55,120,0.008116019722593163,0.006715779947804215,0.09774635850178359
56,120,0.008116019722593163,0.006715779947804215,0.09774635850178359
57,120,0.008116019722593163,0.006715779947804215,0.09774635850178359
58,120,0.008116019722593163,0.006715779947804215,0.09774635850178359
59,120,0.008116019722593163,0.006715779947804215,0.09774635850178359
60,120,0.008116019722593163,0.006715779947804215,0.09774635850178359
61,120,0.008116019722593163,0.006715779947804215,0.09774635850178359
62,120,0.008116019722593163,0.006715779947804215,0.09774635850178359
63,120,0.008116019722593163,0.006715779947804215,0.09774635850178359
64,120,0.008116019722593163,0.006715779947804215,0.09774635850178359
65,120,0.008116019722593163,0.006715779947804215,0.09774635850178359
66,120,0.008116019722593163,0.006715779947804215,0.09774635850178359
67,120,0.008116019722593163,0.006715779947804215,0.09774635850178359
68,120,0.008116019722593163,0.006715779947804215,0.09774635850178359
69,120,0.008116019722593163,0.006715779947804215,0.09774635850178359
70,120,0.008116019722593163,0.006715779947804215,0.09774635850178359
71,120,0.008116019722593163,0.006715779947804215,0.09774635850178359
72,120,0.008116019722593163,0.006715779947804215,0.09774635850178359
73,120,0.008116019722593163,0.006715779947804215,0.09774635850178359
74,120,0.008116019722593163,0.006715779947804215,0.09774635850178359
75,120,0.008116019722593163,0.006715779947804215,0.09774635850178359
76,120,0.008116019722593163,0.006715779947804215,0.09774635850178359
77,120,0.008116019722593163,0.006715779947804215,0.09774635850178359
78,120,0.008116019722593163,0.006715779947804215,0.09774635850178359
79,120,0.008116019722593163,0.006715779947804215,0.09774635850178359
80,120,0.008116019722593163,0.006715779947804215,0.09774635850178359
81,120,0.008116019722593163,0.006715779947804215,0.09774635850178359
82,120,0.008116019722593163,0.006715779947804215,0.09774635850178359
83,120,0.008116019722593163,0.006715779947804215,0.09774635850178359
84,120,0.008116019722593163,0.006715779947804215,0.09774635850178359
85,120,0.008116019722593163,0.006715779947804215,0.09774635850178359
86,120,0.008116019722593163,0.006715779947804215,0.09774635850178359
87,120,0.008116019722593163,0.006715779947804215,0.09774635850178359
88,120,0.008116019722593163,0.006715779947804215,0.09774635850178359
89,120,0.008116019722593163,0.006715779947804215,0.09774635850178359
90,120,0.008116019722593163,0.006715779947804215,0.09774635850178359
91,120,0.008116019722593163,0.006715779947804215,0.09556611570247935
92,120,0.008116019722593163,0.006715779947804215,0.09556611570247935
93,120,0.008116019722593163,0.006715779947804215,0.09556611570247935
94,120,0.008116019722593163,0.006715779947804215,0.09556611570247935
95,120,0.008116019722593163,0.006715779947804215,0.09556611570247935
96,120,0.008116019722593163,0.006715779947804215,0.09556611570247935
97,120,0.008116019722593163,0.006715779947804215,0.09556611570247935
98,120,0.008116019722593163,0.006715779947804215,0.09503074786748661
99,120,0.008116019722593163,0.006715779947804215,0.09503074786748661
100,120,0.008116019722593163,0.006715779947804215,0.09503074786748661
101,120,0.008116019722593163,0.006715779947804215,0.09503074786748661
102,120,0.008116019722593163,0.006715779947804215,0.09503074786748661
103,120,0.008116019722593163,0.006715779947804215,0.09503074786748661
104,120,0.008116019722593163,0.006715779947804215,0.09503074786748661
105,120,0.008116019722593163,0.006715779947804215,0.09503074786748661
106,120,0.008116019722593163,0.006715779947804215,0.09503074786748661
107,120,0.008116019722593163,0.006715779947804215,0.09503074786748661
108,120,0.008116019722593163,0.006715779947804215,0.09503074786748661
109,120,0.008116019722593163,0.006715779947804215,0.09503074786748661
110,120,0.008116019722593163,0.006715779947804215,0.09294677150153835
111,120,0.008116019722593163,0.006715779947804215,0.09294677150153835
112,120,0.008116019722593163,0.006715779947804215,0.09294677150153835
113,120,0.008116019722593163,0.006715779947804215,0.09294677150153835
114,120,0.008116019722593163,0.006715779947804215,0.09294677150153835
115,120,0.008116019722593163,0.006715779947804215,0.09294677150153835
116,120,0.008116019722593163,0.006715779947804215,0.09294677150153835
117,120,0.008116019722593163,0.006715779947804215,0.09294677150153835
118,120,0.008116019722593163,0.006715779947804215,0.09294677150153835
119,120,0.008116019722593163,0.006715779947804215,0.09294677150153835
120,120,0.008116019722593163,0.006715779947804215,0.09294677150153835
121,120,0.008116019722593163,0.006715779947804215,0.09294677150153835
122,120,0.008116019722593163,0.006715779947804215,0.09294677150153835
123,120,0.008116019722593163,0.006715779947804215,0.09294677150153835
124,120,0.008116019722593163,0.006715779947804215,0.09294677150153835
125,120,0.008116019722593163,0.006715779947804215,0.09294677150153835
126,120,0.008116019722593163,0.006715779947804215,0.09294677150153835
127,120,0.008116019722593163,0.006715779947804215,0.09294677150153835
128,120,0.008116019722593163,0.006715779947804215,0.09294677150153835
129,120,0.008116019722593163,0.006715779947804215,0.09294677150153835
130,120,0.008116019722593163,0.006715779947804215,0.09294677150153835
131,120,0.008116019722593163,0.006715779947804215,0.09294677150153835
132,120,0.008116019722593163,0.006715779947804215,0.09294677150153835
133,120,0.008116019722593163,0.006715779947804215,0.09294677150153835
134,120,0.008116019722593163,0.006715779947804215,0.09294677150153835
135,120,0.008116019722593163,0.006715779947804215,0.09294677150153835
136,120,0.008116019722593163,0.006715779947804215,0.09294677150153835
137,120,0.008158472663374293,0.006715779947804215,0.09294677150153835
138,120,0.008158472663374293,0.006715779947804215,0.09294677150153835
139,120,0.008158472663374293,0.006715779947804215,0.08446232164090368
140,120,0.008158472663374293,0.006715779947804215,0.08446232164090368
141,120,0.008158472663374293,0.006715779947804215,0.08446232164090368
142,120,0.008158472663374293,0.006715779947804215,0.08446232164090368
143,120,0.008158472663374293,0.006715779947804215,0.08446232164090368
144,120,0.008158472663374293,0.006715779947804215,0.08446232164090368
145,120,0.008158472663374293,0.006715779947804215,0.08446232164090368
146,120,0.008158472663374293,0.006715779947804215,0.08446232164090368
147,120,0.008158472663374293,0.006715779947804215,0.08446232164090368
148,120,0.008158472663374293,0.006715779947804215,0.08446232164090368
149,120,0.008158472663374293,0.006715779947804215,0.08446232164090368
150,120,0.008158472663374293,0.006715779947804215,0.08446232164090368
151,120,0.008158472663374293,0.006715779947804215,0.08446232164090368
152,120,0.008158472663374293,0.006715779947804215,0.08446232164090368
153,120,0.008158472663374293,0.006715779947804215,0.08446232164090368
154,120,0.008158472663374293,0.006715779947804215,0.08446232164090368
155,120,0.008158472663374293,0.006715779947804215,0.08446232164090368
156,120,0.008158472663374293,0.006715779947804215,0.08446232164090368
157,120,0.008158472663374293,0.006715779947804215,0.08446232164090368
158,120,0.008158472663374293,0.006715779947804215,0.08446232164090368
159,120,0.008158472663374293,0.006715779947804215,0.08446232164090368
160,120,0.008158472663374293,0.006715779947804215,0.08446232164090368
161,120,0.008158472663374293,0.006715779947804215,0.08446232164090368
162,120,0.008158472663374293,0.006715779947804215,0.08446232164090368
163,120,0.008158472663374293,0.006715779947804215,0.08446232164090368
164,120,0.008158472663374293,0.006715779947804215,0.08446232164090368
165,120,0.008158472663374293,0.006715779947804215,0.08446232164090368
166,120,0.008158472663374293,0.006715779947804215,0.08446232164090368
167,120,0.008158472663374293,0.006715779947804215,0.08446232164090368
168,120,0.008158472663374293,0.006715779947804215,0.08446232164090368
169,120,0.008158472663374293,0.006715779947804215,0.08446232164090368
170,120,0.008158472663374293,0.006715779947804215,0.08446232164090368
171,120,0.008158472663374293,0.006715779947804215,0.08446232164090368
172,120,0.008158472663374293,0.006715779947804215,0.08446232164090368
173,120,0.008158472663374293,0.006715779947804215,0.08446232164090368
174,120,0.008158472663374293,0.006715779947804215,0.08446232164090368
175,120,0.008158472663374293,0.006715779947804215,0.08446232164090368
176,120,0.008158472663374293,0.006715779947804215,0.08446232164090368
177,120,0.008158472663374293,0.006715779947804215,0.08446232164090368
178,120,0.008158472663374293,0.006715779947804215,0.08446232164090368
179,120,0.008158472663374293,0.006715779947804215,0.08446232164090368
180,120,0.008158472663374293,0.006715779947804215,0.08446232164090368
181,120,0.008158472663374293,0.006715779947804215,0.08446232164090368
182,120,0.008158472663374293,0.006715779947804215,0.08446232164090368
183,120,0.008158472663374293,0.006715779947804215,0.08446232164090368
184,120,0.008158472663374293,0.006715779947804215,0.08446232164090368
185,120,0.008158472663374293,0.006715779947804215,0.08446232164090368
186,120,0.008158472663374293,0.006715779947804215,0.08446232164090368
187,120,0.008158472663374293,0.006715779947804215,0.08446232164090368
188,120,0.008158472663374293,0.006715779947804215,0.08446232164090368
189,120,0.008158472663374293,0.006715779947804215,0.08446232164090368
190,120,0.008158472663374293,0.006715779947804215,0.08446232164090368
191,120,0.008171259479096627,0.006715779947804215,0.08446232164090368
192,120,0.008171259479096627,0.006715779947804215,0.08446232164090368
193,120,0.008171259479096627,0.006715779947804215,0.08446232164090368
194,120,0.008171259479096627,0.006715779947804215,0.08446232164090368
195,120,0.008171259479096627,0.006715779947804215,0.08446232164090368
196,120,0.008171259479096627,0.006715779947804215,0.08446232164090368
197,120,0.008171259479096627,0.006715779947804215,0.08446232164090368
198,120,0.008171259479096627,0.006715779947804215,0.08446232164090368
199,120,0.008171259479096627,0.006715779947804215,0.08446232164090368
